key,value
01001,2126
01003,6768
01005,1055
01007,861
01009,2009
01011,651
01013,1019
01015,4765
01017,1380
01019,764
01021,1923
01023,395
01025,1387
01027,763
01029,579
01031,1836
01033,2102
01035,572
01037,217
01039,1773
01041,612
01043,2665
01045,1849
01047,1892
01049,3554
01051,3278
01053,1758
01055,4419
01057,599
01059,2094
01061,942
01063,345
01065,781
01067,731
01069,4239
01071,2253
01073,23940
01075,523
01077,2405
01079,885
01081,6649
01083,2970
01085,721
01087,543
01089,9557
01091,1046
01093,1109
01095,4474
01097,17123
01099,663
01101,10503
01103,4308
01105,599
01107,890
01109,1364
01111,846
01113,1983
01117,7605
01115,3113
01119,486
01121,2764
01123,1372
01125,10602
90001,0
01127,2874
01129,758
01131,571
01133,947
02013,16
02016,99
02020,7952
02050,424
02060,0
02164,108
02068,31
02070,59
02090,2199
02100,12
02105,0
02110,551
02122,1016
02130,83
02150,111
02158,224
02170,1368
02180,132
02185,271
02188,245
80002,0
02195,19
02198,35
02220,77
02230,8
02240,83
90002,60
02261,164
02275,19
02282,38
02290,118
00060,0
04001,3965
04003,2171
04005,5243
04007,1945
04009,1197
04011,101
04012,620
04013,156736
04015,4371
04017,6410
80004,0
04019,28067
04021,11937
04023,3021
90004,0
04025,2961
04027,13735
05001,692
05003,552
05005,695
05007,8340
05009,1057
05011,373
05013,53
05015,1014
05017,1053
05019,506
05021,496
05023,463
05025,241
05027,720
05029,352
05031,4646
05033,2086
05035,2442
05037,598
05039,180
05041,420
05043,435
05045,3430
05047,540
05049,332
05051,2591
05053,374
05055,1557
05057,564
05059,2227
05061,599
05063,1476
05065,614
05067,788
05069,4243
05071,1042
05073,176
05075,848
05077,1111
05079,2333
05081,465
05083,603
05085,1806
05087,433
05089,161
05091,1480
05093,2338
05095,216
05097,184
05099,317
05101,319
05103,391
80005,0
05105,142
05107,767
05109,270
05111,1133
05113,364
05115,2774
05117,236
05119,12152
05121,668
05125,2916
05127,225
05129,205
05131,4920
05133,1371
05135,373
05123,1774
05137,404
90005,2085
05139,1144
05141,212
05143,11616
05145,1516
05147,126
05149,1347
06001,23636
06003,4
06005,337
06007,3134
06009,347
06011,553
06013,18877
06015,180
06017,1368
06019,31195
06021,679
06023,569
06025,13023
06027,240
06029,34114
06031,8486
06033,702
06035,771
06037,305070
06039,5066
06041,7107
06043,81
06045,1154
06047,9588
06049,45
06051,182
06053,11538
06055,1998
06057,632
06059,59442
80006,0
06061,4290
06063,76
06065,67552
06067,25882
06069,1449
06071,64131
06073,55898
06075,12277
06077,21988
06079,4240
06081,11278
06083,9886
06085,24665
06087,2848
06089,1999
06091,6
06093,214
06095,7586
06097,9601
06099,17814
06101,1889
06103,921
06105,28
06107,17730
06109,285
90006,0
06111,14409
06113,3250
06115,1338
08001,14411
08003,327
08005,13050
08007,68
08009,32
08011,16
08013,5660
08014,997
08015,417
08017,15
08019,74
08021,69
08023,36
08025,95
08027,22
08029,211
08031,18539
08033,3
08035,4094
08037,1465
08041,10411
08039,226
08043,695
08045,1202
08047,29
08049,153
08051,310
08053,3
08055,33
08057,9
08059,8783
08061,4
08063,135
08067,375
08065,135
08069,4183
08071,79
08073,25
08075,1258
08077,1504
08079,21
08081,70
08083,215
08085,477
08087,879
08089,158
08091,39
80008,0
08093,101
08095,56
08097,288
08099,189
08101,2141
08103,29
08105,124
08107,219
08109,142
08111,7
08113,104
08115,41
08117,730
08119,232
90008,0
08121,102
08123,6255
08125,219
09001,23895
09003,17995
09005,2279
09007,1992
09009,17156
09011,3765
80009,0
09013,1764
90009,155
09015,1445
10001,3505
10003,12989
80010,0
10005,7968
90010,91
88888,49
11001,17074
80011,0
90011,0
12001,10385
12003,1783
12005,6801
12007,1238
12009,11502
12011,85449
12013,718
12015,3638
12017,3224
12019,6083
12021,14404
12023,4255
12027,1670
12029,901
12031,34963
12033,13517
12035,2117
12037,771
12039,3064
12041,607
12043,606
12045,939
12047,904
12049,1606
12051,2223
12053,3715
12055,2652
12057,47800
12059,914
12061,3847
12063,3124
12065,672
12067,1278
12069,8613
12071,23335
12073,12316
12075,1139
12077,534
12079,1078
12081,13258
12083,10819
12085,5368
12086,184669
12087,2269
12089,2480
12091,6373
12093,1736
12095,45941
12097,14203
80012,0
12099,51779
12101,10826
12103,25674
12105,22960
12107,2386
12113,5941
12115,9657
12117,10239
12109,6506
12111,9061
12119,2891
12121,2999
12123,1476
90012,1827
12125,1133
12127,12755
12129,1319
12131,2458
12133,1236
13001,1173
13003,484
13005,638
13007,92
13009,2316
13011,558
13013,2631
13015,3667
13017,877
13019,493
13021,6632
13023,516
13025,463
13027,553
13029,1321
13031,3103
13033,896
13035,746
13037,272
13039,1436
13043,546
13045,3360
13047,1461
13049,647
13051,9479
13053,1753
13055,960
13057,7219
13059,5787
13061,124
13063,8298
13065,453
13067,22059
13069,2274
13071,2136
13073,4415
13075,594
13077,2983
13079,196
13081,651
13083,362
13085,922
13089,21335
13087,1304
13091,620
13093,375
13095,3305
13097,4135
13099,555
13101,246
13103,1835
13105,760
13107,1209
13109,487
13111,835
13113,2135
13115,4040
13117,4792
13119,937
13121,31315
13123,1052
13125,50
13127,3751
13129,2414
13131,866
13133,576
13135,30746
13137,1897
13139,10740
13141,413
13143,659
13145,852
13147,578
13149,234
13151,6269
13153,3640
13155,358
13157,2408
13159,249
13161,801
13163,857
13165,472
13167,441
13169,647
13171,424
13173,319
13175,2014
13177,748
13179,1288
13181,235
13183,277
13185,4496
13187,1053
13193,252
13195,798
13197,201
13189,689
13191,310
13199,597
13201,314
13205,848
13207,765
13209,375
13211,535
13213,1064
13215,6390
13217,2878
13219,871
13221,425
80013,14842
13223,3193
13225,786
13227,805
13229,682
13231,393
13233,1728
13235,343
13237,808
13239,41
13241,432
13243,339
13245,8012
13247,2148
13249,109
13251,450
13253,395
13255,1611
13257,1287
13259,568
13261,961
13263,175
13265,30
13267,942
13269,235
13271,510
13273,340
13275,1610
13277,1969
13279,1506
13281,444
13283,315
13285,3054
13287,338
13289,220
90013,1887
13291,895
13293,843
13295,1910
13297,2365
13299,1745
13301,167
13303,776
13305,1254
13307,44
13309,369
13311,1011
13313,5522
13315,257
13317,303
13319,368
13321,609
99999,103
00066,4549
15001,1246
15003,13013
15005,0
15007,64
15009,518
80015,70
90015,0
16001,16908
16003,63
16005,2582
16007,76
16009,179
16011,1621
16013,897
16015,83
16017,508
16019,4591
16021,173
16023,103
16025,41
16027,10111
16029,293
16031,1419
16033,40
16035,145
16037,96
16039,543
16041,374
16043,486
16045,436
16047,604
16049,376
16051,994
16053,1142
16055,4253
16057,962
16059,262
16061,84
16063,213
16065,2644
16067,1220
16069,895
16071,56
80016,0
16073,399
16075,1145
16077,369
16079,281
16081,289
16083,4200
90016,0
16085,119
16087,471
17001,2071
17003,145
17005,525
17007,1998
17009,122
17011,955
17013,66
17015,457
17017,470
17019,6462
17021,868
17023,317
17025,330
17027,1856
17029,2058
17031,183649
17033,668
17035,311
17039,275
17037,2524
17041,742
17043,24240
17045,165
17047,112
17049,1266
17051,719
17053,211
17055,1059
17057,590
17059,112
17061,316
17063,1047
17065,139
17067,331
17069,56
17071,132
17073,869
17075,527
17077,1611
17079,275
17081,939
17083,482
17085,547
17087,385
17089,17738
17091,3587
17093,2869
17095,1382
17099,2584
17097,21608
17101,355
17103,787
17105,707
17107,622
17115,3445
17117,843
17119,7440
17121,1147
17123,170
17125,342
17127,161
17109,799
17111,6815
17113,4324
17129,188
17131,299
17133,1000
17135,656
17137,999
17139,453
17141,1317
80017,1
17143,4830
17145,478
17147,273
17149,406
17151,43
17153,246
17155,98
17157,1338
17159,342
17161,4263
17165,613
17167,4322
17169,98
17171,112
17173,732
17163,8173
17175,94
17177,1129
17179,2853
90017,4770
17181,802
17183,1830
17185,243
17187,541
17189,332
17191,519
17193,279
17195,1646
17197,19516
17199,1979
17201,10930
17203,692
18001,633
18003,9123
18005,1532
18007,116
18009,255
18011,1348
18013,152
18015,364
18017,2344
18019,3188
18021,492
18023,978
18025,169
18027,960
18033,824
18029,1097
18031,562
18035,3263
18037,1557
18039,9783
18041,849
18043,1933
18045,364
18047,396
18049,415
18051,982
18053,1412
18055,608
18057,6697
18059,1302
18061,835
18063,3532
18065,1405
18067,1762
18069,498
18071,1254
18073,739
18075,381
18077,416
18079,402
18081,3438
18083,892
18085,2195
18087,851
18091,2488
18089,15074
18093,1042
18095,2703
18097,26807
18099,1549
18101,207
18103,720
18105,3450
18107,666
18109,1030
18111,244
18113,1293
18115,145
18117,436
80018,0
18119,225
18121,272
18123,421
18125,370
18127,3723
18129,805
18131,187
18133,800
18135,439
18137,517
18139,273
18143,579
18145,957
18147,443
18141,10092
18149,492
18151,705
18153,481
18155,107
18157,4246
18159,294
90018,0
18161,128
18163,6405
18165,291
18167,2930
18169,507
18171,102
18173,2121
18175,414
18177,1569
18179,504
18181,658
18183,521
19001,197
19003,84
19005,399
19007,250
19009,160
19011,648
19013,5974
19015,750
19017,719
19019,487
19021,2302
19023,408
19025,326
19027,1204
19029,423
19031,508
19033,1502
19035,412
19037,373
19039,357
19041,557
19043,492
19045,1562
19047,1387
19049,3573
19051,188
19053,162
19055,827
19057,1516
19059,793
19061,5506
19063,453
19065,406
19067,462
19069,395
19071,215
19073,193
19075,340
19077,420
19079,482
19081,367
19083,501
19085,697
19087,1124
19089,287
19091,359
19093,212
19095,442
19097,685
19099,1197
19101,259
19103,6024
19105,500
19107,173
19109,497
19111,1013
19113,6038
19115,544
19117,213
19119,568
19121,374
19123,738
19125,1068
19127,2122
19129,423
19131,296
19133,249
19135,272
19137,190
19139,1539
19141,732
19143,302
80019,0
19145,420
19147,329
19149,1728
19151,244
19153,19732
19155,3378
19157,476
19159,99
19161,411
19163,4873
19165,402
19167,2544
19169,4111
19171,1005
19173,260
90019,6
19175,264
19177,188
19179,1589
19181,1313
19183,693
19185,137
19187,1960
19189,521
19191,507
19193,7437
19195,147
19197,759
20001,112
20003,186
20005,512
20007,48
20009,757
20011,306
20013,232
20015,965
20017,107
20019,25
20021,699
20023,115
20025,65
20027,114
20029,144
20031,160
20033,20
20035,523
20037,1449
20039,89
20041,326
20043,211
20045,2930
20047,76
20049,13
20051,1420
20053,278
20055,3046
20057,3271
20059,559
20061,394
20063,182
20065,56
20067,448
20069,211
20071,34
20073,97
20075,60
20077,155
20079,580
20081,103
20083,36
20085,323
20087,287
20089,29
20091,14383
20093,159
20095,128
20097,69
20099,394
20101,23
20103,2568
20105,23
20107,117
20109,68
20111,1332
20115,124
20117,71
20113,445
20119,144
20121,563
20123,63
20125,656
20127,60
20129,56
20131,315
20133,274
20135,148
20137,668
20139,161
20141,23
20143,114
80020,0
20145,431
20147,197
20149,382
20151,155
20153,92
20155,2248
20157,80
20159,156
20161,2189
20163,154
20165,98
20167,186
20169,1127
20171,181
20173,11551
20175,2181
20177,3555
20179,165
20181,239
20183,23
20185,82
20187,52
20189,237
20191,296
20193,363
20195,106
90020,0
20197,84
20199,52
20201,39
20203,44
20205,118
20207,27
20209,8344
21001,511
21003,551
21005,267
21007,74
21009,1263
21011,135
21013,714
21015,2228
21017,325
21019,707
21021,463
21023,72
21025,143
21027,202
21029,1505
21031,425
21033,285
21035,1019
21037,1322
21039,104
21041,228
21043,365
21045,319
21047,1936
21049,543
21051,588
21053,244
21055,171
21057,150
21059,2024
21061,187
21063,335
21065,291
21067,10766
21069,192
21071,419
21073,886
21075,235
21077,128
21079,350
21081,276
21083,902
21085,522
21087,340
21089,646
21091,155
21093,2149
21095,610
21097,276
21099,448
21101,1343
21103,293
21105,124
21107,1070
21109,479
21111,22875
21113,1006
21115,330
21117,2796
21119,357
21121,886
21123,288
21125,1473
21127,157
21129,179
21131,133
21133,309
21135,300
21137,344
21139,129
21141,798
21143,113
21151,2391
21153,180
21155,501
21157,506
21159,211
21161,179
21145,1187
21147,264
21149,216
21163,398
21165,89
21167,372
21169,206
21171,312
21173,525
21175,141
21177,979
21179,1001
21181,119
21183,614
21185,1456
80021,0
21187,124
21189,98
21191,132
21193,546
21195,963
21197,147
21199,1000
21201,35
21203,365
21205,370
21207,398
21209,1171
21211,1510
21213,361
21215,319
21217,522
21219,298
21221,251
21223,90
90021,0
21225,519
21227,5300
21229,248
21231,291
21233,328
21235,839
21237,67
21239,388
22001,3158
22003,1848
22005,4186
22007,797
22009,1754
22011,1071
22013,619
22015,4322
22017,10206
22019,8441
22021,362
22023,246
22025,463
22027,601
22029,611
22031,1030
22033,16172
22035,585
22037,1802
22039,1413
22041,1339
22043,538
22045,3081
22047,1483
22049,861
22051,18757
22053,1352
22059,503
22055,9493
22057,3909
22061,1679
22063,4227
22065,894
22067,892
22069,1495
22071,13514
22073,7061
80022,0
22075,894
22077,1140
22079,4731
22081,442
22083,895
22085,1004
22087,1554
22089,1954
22091,439
22093,845
22095,1654
22097,3679
22099,2230
22101,2027
22103,7765
22105,5037
22107,186
22109,3870
90022,319
22111,1123
22113,2129
22115,1125
22117,1751
22119,1491
22121,963
22123,377
22125,753
22127,695
23001,862
23003,67
23005,2545
23007,79
23009,71
23011,341
23013,82
23015,61
80023,0
23017,164
23019,303
23021,10
23023,84
23025,172
90023,0
23027,154
23029,60
23031,1411
24001,693
24003,12040
24005,20670
24510,17774
24009,1188
24011,750
24013,2258
24015,1354
24017,3187
24019,797
24021,4786
24023,147
24025,3612
24027,5894
24029,343
24031,25692
80024,0
24033,32800
24035,784
24039,427
24037,1497
24041,651
90024,0
24043,2304
24045,2519
24047,1220
25001,2004
25003,781
25005,12338
25007,148
25009,23861
25011,478
25013,10016
25015,1484
25017,32015
25019,96
25021,11814
80025,0
25023,11423
25025,28400
90025,4126
25027,16580
26001,54
26003,117
26005,1368
26007,175
26009,140
26011,110
26013,105
26015,752
26017,1480
26019,137
26021,2844
26023,924
26025,3087
26027,1054
26029,202
26031,172
26033,174
26035,301
26037,1205
26039,156
26041,1300
26043,687
26045,1228
26047,294
,197
26049,7048
26051,228
26053,423
26055,849
26057,562
26059,546
26061,968
26063,286
26065,4777
26067,795
26069,303
26071,452
26073,1103
26075,1926
26077,5012
26079,135
26081,15104
26083,22
26085,65
26087,958
26089,158
26091,1182
26093,2205
26095,84
26097,166
26099,19127
26101,148
26103,1161
26105,257
26107,558
26109,743
,6883
26111,1119
26113,92
26115,2106
26117,717
26119,34
26121,2344
26123,663
26125,25903
26127,650
26129,125
26131,110
26133,192
26135,57
26137,273
26139,5418
80026,322
26141,74
26143,208
26145,4057
26151,218
26153,88
26155,758
26147,1658
26149,1302
26157,698
90026,21
26159,1157
26161,5652
26163,41345
26165,185
27001,198
27003,9344
27005,621
27007,961
27009,1033
27011,159
27013,2114
27015,348
27017,509
27019,1888
27021,422
27023,473
27025,1156
27027,2529
27029,138
27031,19
27033,295
27035,1143
27037,10271
27039,413
27041,774
27043,252
27045,277
27047,718
27049,651
27051,105
27053,35484
27055,238
27057,434
27059,599
27061,788
27063,221
27065,237
27067,1821
27069,53
27071,175
27073,145
27075,133
27077,44
27079,664
27081,193
27083,1030
27087,129
27089,151
27091,626
27085,621
27093,359
27095,449
27097,825
27099,1545
27101,297
27103,771
27105,2343
27107,134
27109,3402
27111,950
80027,0
27113,218
27115,577
27117,366
27119,836
27121,168
27123,14726
27125,82
27127,299
27129,272
27131,1702
27133,359
27135,330
27139,3604
27141,1831
27143,266
27137,3258
27145,6255
27147,801
27149,194
27151,225
27153,896
27155,59
90027,238
27157,414
27159,264
27161,945
27163,6362
27165,582
27167,145
27169,1336
27171,2731
27173,298
28001,1102
28003,1050
28005,434
28007,809
28009,369
28011,2052
28013,636
28015,509
28017,870
28019,209
28021,542
28023,783
28025,715
28027,1265
28029,1399
28031,997
28033,7342
28035,3134
28037,253
28039,1030
28041,482
28043,1231
28045,881
28047,5537
28049,8109
28051,1151
28053,458
28055,107
28057,1178
28059,4884
28061,698
28063,281
28065,424
28067,2984
28069,334
28071,2560
28073,2340
28075,2611
28077,553
28079,1170
28081,3686
28083,1730
28085,1448
28087,1828
28089,3880
28091,969
28093,1505
28095,1548
28097,565
28099,1883
28101,881
28103,603
28105,2060
80028,0
28107,1722
28109,1179
28111,528
28113,1409
28115,1515
28117,1095
28119,424
28121,4123
28123,1281
28125,291
28127,1240
28129,608
28131,498
28133,1659
28135,858
28137,1230
28139,951
28141,831
28143,539
90028,0
28145,1260
28147,648
28149,1566
28151,2644
28153,1034
28155,382
28157,343
28159,859
28161,566
28163,1245
29001,531
29003,450
29005,77
29007,588
29009,844
29011,436
29013,253
29015,484
29017,511
29019,6091
29021,2985
29023,1251
29025,174
29027,1256
29029,1611
29031,2696
29033,199
29035,179
29037,2092
29039,238
29041,61
29043,2316
29045,113
29047,7826
29049,509
29051,3006
29053,626
29055,646
29057,142
29059,364
29061,222
29063,302
29065,257
29067,288
29069,1147
29071,2723
29073,265
29075,184
29077,9098
29079,264
29081,190
29083,386
29085,211
29087,120
29089,249
29091,1188
29093,102
29095,17837
29097,5329
29099,5644
29101,2170
,14583
29103,64
29105,1213
29107,854
29109,1126
29111,204
29113,1224
29115,164
29117,562
29121,223
29123,508
29125,192
29127,938
29119,1223
29129,31
29131,886
29133,447
29135,634
29137,169
29139,163
29141,682
29143,782
29145,2045
29147,1183
29149,233
29151,494
80029,0
29153,214
29155,736
29157,814
29159,1630
29161,852
29163,354
29165,1977
29167,973
29169,1020
29171,57
29173,210
29175,627
29177,281
29179,83
29181,273
29195,955
29197,42
29199,73
29201,1434
29203,243
29205,110
29183,10949
29185,123
29187,2887
29189,30852
29510,8538
29186,405
29207,893
29209,712
29211,319
29213,1752
29215,594
90029,0
29217,343
29219,636
29221,673
29223,309
29225,1164
29227,34
29229,591
30001,280
30003,1376
30005,326
30007,80
30009,245
30011,69
30013,2027
30015,105
30017,319
30019,41
30021,247
30023,444
30025,67
30027,228
30029,3291
30031,3137
30033,24
30035,964
30037,16
30039,67
30041,823
30043,174
30045,15
30047,579
30049,1011
30051,31
30053,313
30057,177
30055,61
30059,79
30061,15
30063,2229
30065,111
80030,0
30067,260
30069,3
30071,177
30073,184
30075,62
30077,137
30079,33
30081,503
30083,338
30085,936
30087,772
30089,97
30091,73
30093,582
30095,218
30097,87
30099,90
30101,314
30103,24
90030,0
30105,358
30107,69
30109,44
30111,6521
31001,896
31003,171
31005,4
31007,4
31009,2
31011,157
31013,258
31015,76
31017,80
31019,1907
31021,138
31023,286
31025,560
31027,151
31029,155
31031,76
31033,114
31035,180
31037,944
31039,306
31041,232
31043,2561
31045,248
31047,1307
31049,10
31051,169
31053,1664
31055,22806
31057,28
31059,111
31061,92
31063,40
31065,101
31067,563
31069,24
31071,33
31073,60
31075,4
31077,48
31079,2697
31081,242
31083,60
31085,23
31087,47
31089,303
31091,22
31093,155
31095,93
31097,112
31099,255
31101,113
31103,9
31105,59
31107,275
31109,9181
31111,938
31113,10
31115,8
31119,1399
31117,10
31121,148
31123,123
31125,104
31127,168
31129,105
31131,316
80031,0
31133,31
31135,46
31137,309
31139,221
31141,1677
31143,201
31145,248
31147,104
31149,59
31151,961
31153,5981
31155,696
31157,890
31159,386
31161,134
31163,50
31165,12
31167,80
31169,66
31171,12
31173,345
90031,495
31175,94
31177,509
31179,359
31181,118
31183,3
31185,522
32510,768
32001,223
32003,80794
32005,417
32007,1436
32009,0
32011,11
32013,176
32015,110
32017,49
32019,613
32021,18
32023,682
80032,0
32027,24
32029,22
90032,0
32031,13090
32033,119
33001,234
33003,152
33005,195
33007,64
33009,230
33011,5505
33013,916
80033,0
33015,2638
33017,732
33019,84
90033,18
34001,5162
34003,25027
34005,8486
34007,11617
34009,1123
34011,4016
34013,24709
34015,5559
34017,23132
34019,1586
34021,9297
34023,22274
34025,14111
34027,9145
34029,16715
80034,0
34031,20898
34033,1171
34035,6485
34037,1720
90034,524
34039,20195
34041,1595
35001,11116
35003,10
35005,2066
35006,607
35007,45
35009,1596
35011,2
35013,6325
35015,1505
35017,191
35019,43
35021,1
35023,122
35025,2177
35027,384
35028,48
35029,1082
35031,4674
35033,15
35035,527
80035,0
35037,104
35039,513
35041,469
35045,3805
35047,182
35043,2040
35049,1791
35051,116
35053,248
35055,245
35057,100
90035,1712
35059,41
35061,1002
36001,3660
36003,314
36005,55527
36007,3620
36009,517
36011,405
36013,955
36015,1777
36017,408
36019,248
36021,721
36023,553
36025,178
36027,5508
36029,13161
36031,199
36033,80
36035,363
36037,396
36039,507
36041,17
36043,394
36045,211
36047,75517
36049,134
36051,313
36053,570
36055,7386
36057,270
36059,49841
36061,36224
36063,2088
36065,2769
36067,5498
36069,679
36071,13672
36073,412
36075,631
36077,404
80036,0
36079,1825
36081,76980
36083,1110
36085,17359
36087,18024
36091,1365
36093,1579
36095,112
36097,135
36099,147
36089,405
36101,1025
36103,49198
36105,1786
36107,653
36109,632
36111,2531
90036,0
36113,461
36115,338
36117,512
36119,40554
36121,192
36123,126
37001,5254
37003,882
37005,304
37007,727
37009,442
37011,622
37013,1388
37015,729
37017,1090
37019,2201
37021,4178
37023,2696
37025,4931
37027,2548
37029,137
37031,1149
37033,624
37035,4507
37037,1947
37039,776
37041,532
37043,234
37045,3204
37047,1714
37049,2369
37051,7129
37053,224
37055,373
37057,3765
37059,771
37061,2812
37063,9101
37065,2020
37067,8937
37069,1474
37071,7479
37073,168
37075,247
37077,2018
37079,962
37081,11581
37083,1434
37085,2969
37087,726
37089,2523
37091,854
37093,1554
37095,175
37097,3870
37099,1072
37101,5709
37103,201
37105,2116
37107,1470
37109,2426
37113,764
37115,247
37117,647
37111,1340
37119,33988
37121,239
37123,1195
37125,2281
37127,3423
37129,5305
37131,566
37133,3394
37135,3109
80037,0
37137,323
37139,881
37141,1407
37143,251
37145,677
37147,6196
37149,402
37151,3831
37153,1439
37155,6071
37157,2003
37159,4144
37161,1763
37163,2802
37165,1652
37167,2446
37169,692
37171,1885
37173,288
37175,424
37177,132
90037,1
37179,5940
37181,1214
37183,21344
37185,469
37187,253
37189,1400
37191,4642
37193,1775
37195,3056
37197,1047
37199,328
38001,85
38003,386
38005,517
38007,33
38009,296
38011,135
38013,79
38015,6985
38017,9333
38019,79
38021,292
38023,62
38025,208
38027,202
38029,285
38031,193
38033,115
38035,4118
38037,76
38039,92
38041,133
38043,102
38045,207
38047,128
38049,202
38051,170
38053,555
38055,610
38057,502
38059,2353
38061,533
38063,165
38065,84
80038,0
38067,221
38069,107
38071,539
38073,210
38075,112
38077,499
38079,407
38081,132
38083,55
38085,258
38087,15
38089,2350
38091,56
38093,946
38095,107
38097,290
90038,0
38099,529
38101,2979
38103,155
38105,1848
00069,92
39001,254
39003,2452
39005,473
39007,806
39009,1346
39011,1198
39013,837
39015,458
39017,9082
39019,242
39021,452
39023,2766
39025,2772
39027,539
39029,2227
39031,386
39033,581
39035,21002
39037,1264
39039,549
39041,3107
39043,1240
39045,2925
39047,485
39049,33397
39051,611
39053,321
39055,943
39057,2654
39059,420
39061,18112
39063,1217
39065,392
39067,90
39069,553
39071,542
39073,230
39075,838
39077,752
39079,519
39081,518
39083,463
39085,2221
39087,1039
39089,2905
39091,491
39093,2998
39095,8789
39097,1103
39099,3960
39101,3529
39103,2086
39105,228
39107,1679
39109,2239
39111,190
39113,11494
39115,97
39117,434
39119,1019
39121,185
39123,634
80039,0
39125,267
39127,399
39129,3163
39131,358
39133,1828
39135,721
39137,1238
39139,1549
39141,1577
39143,781
39145,994
39147,671
39149,1018
39151,4267
39153,7316
39155,2451
39157,1476
90039,0
39159,827
39161,324
39163,122
39165,4711
39167,412
39169,1722
39171,407
39173,2687
39175,316
40001,819
40003,124
40005,457
40007,92
40009,915
40011,216
40013,1584
40015,1156
40017,4070
40019,894
40021,1398
40023,457
40025,39
40027,8485
40029,102
40031,2468
40033,103
40035,632
40037,1609
40039,1109
40041,1267
40043,94
40045,24
40047,2475
40049,699
40051,1641
40053,109
40055,152
40057,75
40059,72
40061,391
40063,406
40065,1141
40067,81
40069,302
40071,899
40073,570
40075,181
40077,213
40079,1689
40081,803
40083,870
40085,283
40093,182
40095,280
40097,986
40087,1359
40089,1634
40091,514
40099,315
40101,2380
40103,183
40105,258
40107,553
40109,24250
40111,1256
40113,1390
40115,1263
80040,0
40117,339
40119,2817
40121,1277
40123,833
40125,2264
40127,281
40129,90
40131,2480
40133,817
40135,1262
40137,765
40139,1816
40141,151
40143,22096
90040,3
40145,1951
40147,1342
40149,187
40151,184
40153,1269
41001,140
41003,463
41005,3267
41007,248
41009,271
41011,260
41013,113
41015,58
41017,1185
41019,368
41021,11
41023,12
41025,35
41027,284
41029,1796
41031,607
41033,270
41035,422
41037,43
41039,2467
41041,518
41043,845
41045,1949
41047,6024
41049,551
41051,9502
80041,0
41053,668
41055,20
41057,74
41059,3435
90041,0
41061,484
41063,49
41065,349
41067,5991
41069,1
41071,1013
42001,1144
42003,15449
42005,724
42007,2283
42009,404
42011,9388
42013,1268
42015,775
42017,10254
42019,1746
42021,1123
42023,9
42025,597
42027,4184
42029,8163
42031,226
42033,480
42035,273
42037,1061
42039,532
42041,2500
42043,4852
42045,13618
42047,167
42049,2128
42051,1035
42053,19
42055,2219
42057,83
42059,244
42061,993
42063,1138
42065,197
42067,241
42069,3780
42071,9647
42073,903
42075,3057
42077,6643
42079,5412
42081,979
42083,148
42085,1073
42087,411
42089,2029
42091,14008
42093,300
42095,5439
42097,1549
80042,0
42099,363
42101,44139
42103,624
42105,55
42107,2072
42109,491
42111,434
42113,19
42115,408
42117,215
90042,0
42119,705
42121,268
42123,66
42125,2024
42127,289
42129,4334
42131,141
42133,6545
72001,191
72003,443
72005,590
72007,379
72009,216
72011,287
72013,1099
72015,202
72017,320
72019,624
72021,4934
72023,522
72025,2219
72027,380
72029,942
72031,4068
72033,605
72035,510
72037,198
72039,344
72041,438
72043,415
72045,292
72047,886
72049,23
72051,1117
72053,735
72054,394
72055,161
72057,384
72059,256
72061,2311
72063,774
72065,440
72067,221
72069,798
72071,380
72073,288
72075,457
72077,594
72079,219
72081,449
72083,128
72085,693
72087,379
72089,330
72091,749
72093,95
72095,176
72097,1009
72099,457
72101,613
72103,386
72105,829
72107,434
72888,804
72109,202
72111,155
72113,1252
72115,273
72117,241
72119,862
72121,240
72123,546
72125,319
72127,10415
72129,731
72131,747
72133,250
72135,1725
72137,1976
72139,1572
72999,1248
72141,259
72143,977
72145,1225
72147,104
72149,240
72151,484
72153,568
44001,558
44003,2566
44005,678
80044,0
44007,23320
90044,3855
44009,1335
45001,779
45003,5051
45005,425
45007,5840
45009,695
45011,875
45013,6163
45015,6170
45017,515
45019,17259
45021,1531
45023,1245
45025,1491
45027,1177
45029,1270
45031,2517
45033,1310
45035,4848
45037,924
45039,868
45041,5639
45043,2358
45045,17739
45047,2563
45049,765
45051,12510
45053,929
45055,2484
45057,2599
45059,1937
45061,791
45063,9017
45067,1163
45069,1142
45065,277
45071,1641
45073,2484
45075,3363
80045,0
45077,4509
45079,17333
45081,727
45083,9103
45085,3575
90045,0
45087,759
45089,1454
45091,6777
46003,180
46005,1290
46007,187
46009,950
46011,1466
46013,2033
46015,292
46017,254
46019,368
46021,75
46023,398
46025,118
46027,829
46029,1502
46031,206
46033,316
46035,957
46037,160
46039,189
46041,330
46043,165
46045,144
46047,210
46049,218
46051,305
46053,233
46055,98
46057,199
46059,131
46061,96
46063,56
46065,854
46067,239
46069,44
46071,126
46073,162
46075,32
46077,191
46079,389
46081,925
46083,2830
46085,277
46091,65
46087,250
46089,72
46093,962
46095,83
46097,142
46099,11495
46101,219
46102,953
80046,0
46103,4466
46105,80
46107,107
46109,348
46111,102
46115,278
46117,92
46119,41
46121,469
46123,271
46125,483
90046,0
46127,758
46129,271
46135,876
46137,93
47001,1813
47003,1789
47005,434
47007,1034
47009,3515
47011,3703
47013,1104
47015,432
47017,1169
47019,1666
47021,1097
47023,741
47025,543
47027,418
47029,1150
47031,1987
47033,907
47035,1669
47037,32679
47041,786
47039,679
47043,1763
47045,2336
47047,1759
47049,944
47051,1336
47053,2227
47055,1007
47057,636
47059,1876
47061,587
47063,2547
47065,12175
47067,125
47069,1931
47071,1435
47073,1272
47075,1320
47077,1441
47079,837
47081,829
47083,431
47085,465
47087,471
47089,1604
47091,1192
47093,13193
47095,990
47097,1495
47099,1707
47101,442
47103,945
47105,1690
47111,1381
47113,3918
47115,812
47117,1190
47119,3458
47107,1712
47109,1150
47121,337
47123,1521
47125,4389
47127,283
47129,458
47131,1855
80047,4278
47133,1261
47135,343
47137,287
47139,540
47141,4610
47143,1141
47145,1420
47147,2681
47149,12406
47151,408
47153,363
47155,3497
47157,37335
47159,1032
47161,348
47163,3981
47165,6371
47167,2466
47169,1789
90047,2230
47171,477
47173,555
47175,212
47177,1507
47179,3767
47181,1619
47183,1610
47185,1252
47187,7387
47189,4920
48001,2970
48003,655
48005,2317
48007,350
48009,160
48011,27
48013,1292
48015,514
48017,296
48019,185
48021,2011
48023,43
48025,1865
48027,6496
48029,65423
48031,162
48033,2
48035,413
48037,1963
48039,12387
48041,7626
48043,249
48045,22
48047,359
48049,688
48051,475
48053,1083
48055,1705
48057,932
48059,137
48061,24180
48063,399
48065,58
48067,537
48069,311
48071,1571
48073,1643
48075,122
48077,125
48079,109
48081,128
48083,93
48085,18247
48087,22
48089,504
48091,2891
48093,371
48095,144
48097,566
48099,1976
48101,40
48103,77
48105,166
48107,123
48109,102
48111,371
48113,95402
48115,870
48123,1086
48117,1058
48119,35
48121,14672
48125,51
48127,293
48129,99
48131,492
48133,256
48135,6486
48137,72
48141,45039
48139,4999
48143,1042
48145,686
48147,793
48149,676
48151,107
48153,142
48155,22
48157,17634
48159,221
48161,460
48163,1017
48165,543
48167,12533
48169,126
48171,367
48173,13
48175,166
48177,1128
48179,495
48181,2661
48183,2577
48185,1191
48187,3899
48189,2632
48191,47
48193,201
48195,216
48197,63
48199,1452
48201,160984
48203,1096
48205,171
48207,85
48209,6119
48211,145
48213,1310
48215,35662
48217,852
48219,665
48221,1214
48223,673
48225,428
48227,1205
48229,106
48231,2043
48233,344
48235,13
48237,153
48239,654
48241,515
48243,23
48245,8387
48247,179
48249,1637
48251,3754
48253,600
48255,961
48257,3594
48259,391
48261,11
48263,10
48265,706
48267,27
48269,1
48271,79
48273,1030
48275,113
48283,378
48277,1839
48279,538
48281,311
48285,1164
48287,243
48289,361
48291,2295
48293,681
48295,69
48297,383
48299,188
48301,0
48303,18712
48305,187
48313,767
48315,172
48317,92
48319,82
48321,1114
48323,4273
48307,212
48309,10077
48311,25
48325,1285
48327,75
48329,5470
48331,549
48333,78
48335,196
48337,290
48339,14076
48341,1345
48343,229
48345,17
48347,1811
48349,1458
48351,188
48353,426
48355,21286
48357,305
48359,27
48361,2221
80048,0
48363,731
48365,477
48367,2504
48369,579
48371,509
48373,918
48375,8096
48377,135
48379,95
48381,5218
48383,95
48385,125
48387,199
48389,277
48391,312
48393,14
48395,431
48397,1962
48399,302
48401,1028
48403,99
48405,221
48407,240
48409,1572
48411,117
48413,55
48415,1112
48417,40
48419,553
48421,77
48423,4581
48425,159
48427,3578
48429,165
48431,18
48433,19
48435,111
48437,152
48439,66110
48441,2127
48443,4
48445,573
48447,19
48449,1739
48451,4862
48453,31943
48455,206
48457,269
90048,0
48459,499
48461,27
48463,836
48465,2562
48467,708
48469,4279
48471,3930
48473,1004
48475,166
48477,705
48479,15175
48481,1440
48483,83
48485,3844
48487,365
48489,1232
48491,9529
48493,1006
48495,150
48497,944
48499,655
48501,304
48503,591
48505,352
48507,469
,5336
49001,0
49003,0
49005,0
49007,0
,1318
49009,0
49011,8537
49013,0
49015,0
49017,0
49019,0
49021,0
49023,0
49025,0
49027,0
49029,0
80049,0
49031,0
49033,0
49035,47429
49037,831
49039,0
49041,0
,512
,6273
49043,1427
49045,1477
,470
49047,0
90049,0
49049,29030
49051,1160
49053,0
49055,0
49057,0
,6840
50001,122
50003,142
50005,44
50007,986
50009,7
50011,142
50013,17
50015,63
50017,34
50019,35
80050,0
50021,136
90050,8
50023,133
50025,148
50027,124
00078,1353
51001,1214
51003,1593
51510,4285
51005,114
51007,147
51009,614
51011,300
51013,4647
51015,687
51017,24
51019,1262
51021,71
51023,405
51520,284
51025,421
51027,268
51029,751
51530,121
51031,753
51033,429
51035,615
51036,102
51037,216
51540,1607
51550,4945
51041,7162
51043,121
51570,309
51580,37
51045,50
51047,1390
51049,121
51590,1215
51051,143
51053,533
51595,297
51057,198
51059,23832
51600,160
51610,75
51061,1110
51063,249
51065,430
51067,886
51620,498
51069,1186
51630,591
51640,453
51071,135
51073,352
51075,331
51077,388
51079,293
51081,906
51083,536
51650,2138
51085,1666
51660,3050
51087,6394
51089,1336
51091,10
51670,520
51093,875
51095,960
51099,278
51101,211
51097,85
51103,200
51105,509
51678,239
51107,7908
51109,404
51111,152
51680,2016
51113,133
51683,2050
51685,653
51690,488
51115,136
51117,888
51119,146
51121,2812
51125,140
51127,294
51700,3225
51710,5419
51131,320
51133,224
51720,51
51135,358
51137,412
80051,0
51139,482
51141,320
51730,936
51143,1323
51735,97
51740,2852
51145,315
51147,768
51149,1105
51153,14350
51155,302
51750,939
51157,72
51159,370
51760,5368
51161,1541
51770,2810
51163,153
51165,1769
51167,494
51775,584
51169,404
51171,975
51173,633
51175,923
51177,2468
51179,2396
51790,402
51800,2317
51181,142
51183,638
51185,529
90051,0
51810,8001
51187,605
51191,1010
51820,399
51193,343
51830,218
51840,621
51195,660
51197,341
51199,646
53001,924
53003,252
53005,5275
53007,2006
53009,269
53011,4417
53013,14
53015,817
53017,1237
53019,35
53021,4869
53023,17
53025,3350
53027,714
53029,384
53031,87
53033,27021
53035,1527
53037,749
53039,208
53041,731
53043,79
53045,524
53047,1114
80053,0
53049,119
53051,144
53053,10228
53055,33
53057,1256
53059,72
53061,8787
53063,9507
53065,264
53067,1630
90053,419
53069,10
53071,1163
53073,1588
53075,1817
53077,11900
54001,185
54003,1615
54005,381
54007,67
54009,237
54011,1453
54013,36
54015,64
54017,71
54019,786
54021,64
54023,194
54025,200
54027,133
54029,224
54031,107
54033,660
54035,388
54037,603
54039,3683
54041,94
54043,253
54045,770
54049,391
54051,341
54053,178
54047,126
54055,762
54057,223
54059,609
54061,2316
54063,257
54065,151
54067,188
54069,560
80054,0
54071,77
54073,30
54075,70
54077,200
54079,884
54081,825
54083,419
54085,41
54087,111
54089,119
54091,168
54093,64
54095,35
90054,0
54097,265
54099,595
54101,32
54103,183
54105,53
54107,616
54109,309
55001,546
55003,282
55005,1178
55007,245
55009,15738
55011,294
55013,314
55015,2739
55017,1789
55019,909
55021,1820
55023,347
55025,15153
55027,4343
55029,871
55031,798
55033,1102
55035,3656
55037,214
55039,4695
55041,486
55043,1906
55045,982
55047,767
55049,500
55051,194
55053,544
55055,2840
55057,808
55059,5241
55061,1105
55063,4366
55065,562
55067,1024
55069,834
55071,2867
55073,4896
55075,1777
55077,628
55078,315
55079,41292
55081,1166
55083,2158
55085,1287
80055,0
55087,9443
55089,2340
55091,156
55093,737
55095,584
55097,2815
55099,372
55101,7604
55103,478
55105,5197
55107,223
55111,1810
55113,391
55115,2506
55117,4929
55109,1912
55119,502
55121,1065
90055,0
55123,515
55125,585
55127,3449
55129,252
55131,4583
55133,12728
55135,2457
55137,1051
55139,8960
55141,1773
56001,1450
56003,245
56005,1043
56007,325
56009,319
56011,116
56013,1373
56015,162
56017,55
56019,116
56021,1656
56023,353
56025,1457
56027,16
80056,0
56029,661
56031,142
56033,765
56035,175
56037,522
56039,779
56041,469
90056,0
56043,153
56045,155