year,unemployment,key
2019,0.027000000000000003,01001
2019,0.027000000000000003,01003
2019,0.038,01005
2019,0.031,01007
2019,0.027000000000000003,01009
2019,0.036000000000000004,01011
2019,0.036000000000000004,01013
2019,0.035,01015
2019,0.028999999999999998,01017
2019,0.028999999999999998,01019
2019,0.027000000000000003,01021
2019,0.047,01023
2019,0.057999999999999996,01025
2019,0.03,01027
2019,0.032,01029
2019,0.028999999999999998,01031
2019,0.037000000000000005,01033
2019,0.04,01035
2019,0.03,01037
2019,0.034,01039
2019,0.027999999999999997,01041
2019,0.026000000000000002,01043
2019,0.031,01045
2019,0.055,01047
2019,0.027999999999999997,01049
2019,0.026000000000000002,01051
2019,0.035,01053
2019,0.033,01055
2019,0.031,01057
2019,0.027999999999999997,01059
2019,0.028999999999999998,01061
2019,0.055999999999999994,01063
2019,0.039,01065
2019,0.036000000000000004,01067
2019,0.03,01069
2019,0.033,01071
2019,0.028999999999999998,01073
2019,0.031,01075
2019,0.033,01077
2019,0.031,01079
2019,0.027000000000000003,01081
2019,0.026000000000000002,01083
2019,0.057,01085
2019,0.043,01087
2019,0.025,01089
2019,0.035,01091
2019,0.034,01093
2019,0.025,01095
2019,0.037000000000000005,01097
2019,0.049,01099
2019,0.031,01101
2019,0.026000000000000002,01103
2019,0.052000000000000005,01105
2019,0.035,01107
2019,0.033,01109
2019,0.03,01111
2019,0.028999999999999998,01113
2019,0.027000000000000003,01115
2019,0.022000000000000002,01117
2019,0.045,01119
2019,0.034,01121
2019,0.03,01123
2019,0.027000000000000003,01125
2019,0.033,01127
2019,0.046,01129
2019,0.071,01131
2019,0.033,01133
2019,0.027999999999999997,02013
2019,0.036000000000000004,02016
2019,0.051,02020
2019,0.129,02050
2019,0.061,02060
2019,0.085,02068
2019,0.081,02070
2019,0.054000000000000006,02090
2019,0.08900000000000001,02100
2019,0.114,02105
2019,0.044000000000000004,02110
2019,0.068,02122
2019,0.062,02130
2019,0.055999999999999994,02150
2019,0.193,02158
2019,0.099,02164
2019,0.069,02170
2019,0.109,02180
2019,0.064,02185
2019,0.14,02188
2019,0.087,02195
2019,0.10099999999999999,02198
2019,0.042,02220
2019,0.092,02230
2019,0.09,02240
2019,0.075,02261
2019,0.077,02275
2019,0.077,02282
2019,0.14,02290
2019,0.099,04001
2019,0.057,04003
2019,0.055,04005
2019,0.055,04007
2019,0.048,04009
2019,0.039,04011
2019,0.057999999999999996,04012
2019,0.04,04013
2019,0.057,04015
2019,0.073,04017
2019,0.044000000000000004,04019
2019,0.049,04021
2019,0.085,04023
2019,0.044000000000000004,04025
2019,0.16399999999999998,04027
2019,0.03,05001
2019,0.054000000000000006,05003
2019,0.04,05005
2019,0.026000000000000002,05007
2019,0.032,05009
2019,0.040999999999999995,05011
2019,0.044000000000000004,05013
2019,0.031,05015
2019,0.069,05017
2019,0.038,05019
2019,0.049,05021
2019,0.045,05023
2019,0.039,05025
2019,0.045,05027
2019,0.043,05029
2019,0.027999999999999997,05031
2019,0.033,05033
2019,0.042,05035
2019,0.042,05037
2019,0.047,05039
2019,0.045,05041
2019,0.052000000000000005,05043
2019,0.03,05045
2019,0.034,05047
2019,0.04,05049
2019,0.037000000000000005,05051
2019,0.032,05053
2019,0.035,05055
2019,0.038,05057
2019,0.036000000000000004,05059
2019,0.033,05061
2019,0.04,05063
2019,0.055,05065
2019,0.065,05067
2019,0.055,05069
2019,0.046,05071
2019,0.047,05073
2019,0.042,05075
2019,0.045,05077
2019,0.044000000000000004,05079
2019,0.043,05081
2019,0.043,05083
2019,0.032,05085
2019,0.025,05087
2019,0.04,05089
2019,0.040999999999999995,05091
2019,0.051,05093
2019,0.043,05095
2019,0.046,05097
2019,0.04,05099
2019,0.035,05101
2019,0.052000000000000005,05103
2019,0.040999999999999995,05105
2019,0.06,05107
2019,0.039,05109
2019,0.034,05111
2019,0.042,05113
2019,0.043,05115
2019,0.044000000000000004,05117
2019,0.034,05119
2019,0.039,05121
2019,0.052000000000000005,05123
2019,0.027999999999999997,05125
2019,0.034,05127
2019,0.046,05129
2019,0.033,05131
2019,0.048,05133
2019,0.05,05135
2019,0.047,05137
2019,0.052000000000000005,05139
2019,0.05,05141
2019,0.024,05143
2019,0.045,05145
2019,0.053,05147
2019,0.04,05149
2019,0.028999999999999998,06001
2019,0.051,06003
2019,0.038,06005
2019,0.051,06007
2019,0.038,06009
2019,0.128,06011
2019,0.031,06013
2019,0.057,06015
2019,0.035,06017
2019,0.07200000000000001,06019
2019,0.061,06021
2019,0.036000000000000004,06023
2019,0.183,06025
2019,0.035,06027
2019,0.077,06029
2019,0.079,06031
2019,0.05,06033
2019,0.046,06035
2019,0.044000000000000004,06037
2019,0.069,06039
2019,0.023,06041
2019,0.046,06043
2019,0.04,06045
2019,0.081,06047
2019,0.071,06049
2019,0.037000000000000005,06051
2019,0.062,06053
2019,0.027999999999999997,06055
2019,0.033,06057
2019,0.027999999999999997,06059
2019,0.031,06061
2019,0.077,06063
2019,0.042,06065
2019,0.037000000000000005,06067
2019,0.05,06069
2019,0.038,06071
2019,0.032,06073
2019,0.022000000000000002,06075
2019,0.059000000000000004,06077
2019,0.028999999999999998,06079
2019,0.02,06081
2019,0.037000000000000005,06083
2019,0.025,06085
2019,0.047,06087
2019,0.047,06089
2019,0.054000000000000006,06091
2019,0.065,06093
2019,0.037000000000000005,06095
2019,0.027000000000000003,06097
2019,0.06,06099
2019,0.073,06101
2019,0.055,06103
2019,0.055,06105
2019,0.096,06107
2019,0.045,06109
2019,0.036000000000000004,06111
2019,0.040999999999999995,06113
2019,0.061,06115
2019,0.028999999999999998,08001
2019,0.036000000000000004,08003
2019,0.027000000000000003,08005
2019,0.032,08007
2019,0.017,08009
2019,0.028999999999999998,08011
2019,0.024,08013
2019,0.024,08014
2019,0.024,08015
2019,0.016,08017
2019,0.025,08019
2019,0.036000000000000004,08021
2019,0.039,08023
2019,0.043,08025
2019,0.03,08027
2019,0.033,08029
2019,0.027000000000000003,08031
2019,0.03,08033
2019,0.024,08035
2019,0.022000000000000002,08037
2019,0.022000000000000002,08039
2019,0.033,08041
2019,0.046,08043
2019,0.027000000000000003,08045
2019,0.023,08047
2019,0.021,08049
2019,0.021,08051
2019,0.037000000000000005,08053
2019,0.057,08055
2019,0.023,08057
2019,0.025,08059
2019,0.016,08061
2019,0.017,08063
2019,0.023,08065
2019,0.025,08067
2019,0.024,08069
2019,0.039,08071
2019,0.023,08073
2019,0.024,08075
2019,0.034,08077
2019,0.023,08079
2019,0.034,08081
2019,0.042,08083
2019,0.031,08085
2019,0.026000000000000002,08087
2019,0.040999999999999995,08089
2019,0.028999999999999998,08091
2019,0.025,08093
2019,0.016,08095
2019,0.031,08097
2019,0.026000000000000002,08099
2019,0.040999999999999995,08101
2019,0.037000000000000005,08103
2019,0.040999999999999995,08105
2019,0.022000000000000002,08107
2019,0.04,08109
2019,0.03,08111
2019,0.027999999999999997,08113
2019,0.02,08115
2019,0.018000000000000002,08117
2019,0.031,08119
2019,0.02,08121
2019,0.025,08123
2019,0.016,08125
2019,0.036000000000000004,09001
2019,0.039,09003
2019,0.035,09005
2019,0.032,09007
2019,0.039,09009
2019,0.036000000000000004,09011
2019,0.033,09013
2019,0.04,09015
2019,0.042,10001
2019,0.037000000000000005,10003
2019,0.038,10005
2019,0.055,11001
2019,0.028999999999999998,12001
2019,0.031,12003
2019,0.039,12005
2019,0.031,12007
2019,0.032,12009
2019,0.03,12011
2019,0.040999999999999995,12013
2019,0.037000000000000005,12015
2019,0.048,12017
2019,0.03,12019
2019,0.031,12021
2019,0.032,12023
2019,0.035,12027
2019,0.038,12029
2019,0.033,12031
2019,0.032,12033
2019,0.038,12035
2019,0.035,12037
2019,0.040999999999999995,12039
2019,0.034,12041
2019,0.039,12043
2019,0.048,12045
2019,0.040999999999999995,12047
2019,0.05,12049
2019,0.057999999999999996,12051
2019,0.042,12053
2019,0.045,12055
2019,0.031,12057
2019,0.035,12059
2019,0.038,12061
2019,0.036000000000000004,12063
2019,0.033,12065
2019,0.03,12067
2019,0.032,12069
2019,0.031,12071
2019,0.031,12073
2019,0.037000000000000005,12075
2019,0.036000000000000004,12077
2019,0.038,12079
2019,0.031,12081
2019,0.038,12083
2019,0.031,12085
2019,0.024,12086
2019,0.021,12087
2019,0.028999999999999998,12089
2019,0.027000000000000003,12091
2019,0.035,12093
2019,0.028999999999999998,12095
2019,0.033,12097
2019,0.033,12099
2019,0.035,12101
2019,0.03,12103
2019,0.037000000000000005,12105
2019,0.043,12107
2019,0.026000000000000002,12109
2019,0.039,12111
2019,0.03,12113
2019,0.031,12115
2019,0.028999999999999998,12117
2019,0.046,12119
2019,0.034,12121
2019,0.036000000000000004,12123
2019,0.03,12125
2019,0.034,12127
2019,0.028999999999999998,12129
2019,0.027999999999999997,12131
2019,0.034,12133
2019,0.039,13001
2019,0.03,13003
2019,0.035,13005
2019,0.047,13007
2019,0.042,13009
2019,0.027000000000000003,13011
2019,0.027999999999999997,13013
2019,0.033,13015
2019,0.055,13017
2019,0.04,13019
2019,0.039,13021
2019,0.05,13023
2019,0.040999999999999995,13025
2019,0.034,13027
2019,0.03,13029
2019,0.037000000000000005,13031
2019,0.051,13033
2019,0.034,13035
2019,0.036000000000000004,13037
2019,0.036000000000000004,13039
2019,0.03,13043
2019,0.034,13045
2019,0.03,13047
2019,0.038,13049
2019,0.033,13051
2019,0.046,13053
2019,0.05,13055
2019,0.027000000000000003,13057
2019,0.036000000000000004,13059
2019,0.069,13061
2019,0.042,13063
2019,0.039,13065
2019,0.03,13067
2019,0.039,13069
2019,0.032,13071
2019,0.03,13073
2019,0.034,13075
2019,0.028999999999999998,13077
2019,0.036000000000000004,13079
2019,0.039,13081
2019,0.033,13083
2019,0.027999999999999997,13085
2019,0.038,13087
2019,0.034,13089
2019,0.054000000000000006,13091
2019,0.038,13093
2019,0.047,13095
2019,0.035,13097
2019,0.039,13099
2019,0.027999999999999997,13101
2019,0.028999999999999998,13103
2019,0.04,13105
2019,0.053,13107
2019,0.034,13109
2019,0.033,13111
2019,0.03,13113
2019,0.038,13115
2019,0.027000000000000003,13117
2019,0.035,13119
2019,0.035,13121
2019,0.035,13123
2019,0.037000000000000005,13125
2019,0.033,13127
2019,0.034,13129
2019,0.034,13131
2019,0.039,13133
2019,0.03,13135
2019,0.035,13137
2019,0.027999999999999997,13139
2019,0.055,13141
2019,0.033,13143
2019,0.031,13145
2019,0.035,13147
2019,0.033,13149
2019,0.035,13151
2019,0.033,13153
2019,0.047,13155
2019,0.027000000000000003,13157
2019,0.031,13159
2019,0.046,13161
2019,0.047,13163
2019,0.051,13165
2019,0.036000000000000004,13167
2019,0.032,13169
2019,0.039,13171
2019,0.039,13173
2019,0.046,13175
2019,0.031,13177
2019,0.037000000000000005,13179
2019,0.039,13181
2019,0.036000000000000004,13183
2019,0.035,13185
2019,0.031,13187
2019,0.051,13189
2019,0.036000000000000004,13191
2019,0.046,13193
2019,0.03,13195
2019,0.042,13197
2019,0.045,13199
2019,0.033,13201
2019,0.046,13205
2019,0.032,13207
2019,0.053,13209
2019,0.031,13211
2019,0.05,13213
2019,0.045,13215
2019,0.039,13217
2019,0.025,13219
2019,0.032,13221
2019,0.028999999999999998,13223
2019,0.040999999999999995,13225
2019,0.03,13227
2019,0.034,13229
2019,0.03,13231
2019,0.036000000000000004,13233
2019,0.038,13235
2019,0.043,13237
2019,0.05,13239
2019,0.035,13241
2019,0.048,13243
2019,0.045,13245
2019,0.038,13247
2019,0.039,13249
2019,0.054000000000000006,13251
2019,0.044000000000000004,13253
2019,0.04,13255
2019,0.039,13257
2019,0.042,13259
2019,0.048,13261
2019,0.045,13263
2019,0.049,13265
2019,0.038,13267
2019,0.04,13269
2019,0.095,13271
2019,0.05,13273
2019,0.04,13275
2019,0.034,13277
2019,0.049,13279
2019,0.048,13281
2019,0.053,13283
2019,0.032,13285
2019,0.038,13287
2019,0.054000000000000006,13289
2019,0.031,13291
2019,0.036000000000000004,13293
2019,0.036000000000000004,13295
2019,0.031,13297
2019,0.037000000000000005,13299
2019,0.045,13301
2019,0.040999999999999995,13303
2019,0.04,13305
2019,0.05,13307
2019,0.075,13309
2019,0.026000000000000002,13311
2019,0.044000000000000004,13313
2019,0.045,13315
2019,0.045,13317
2019,0.038,13319
2019,0.039,13321
2019,0.034,15001
2019,0.026000000000000002,15003
2019,0.027000000000000003,15007
2019,0.026000000000000002,15009
2019,0.025,16001
2019,0.068,16003
2019,0.027999999999999997,16005
2019,0.028999999999999998,16007
2019,0.052000000000000005,16009
2019,0.027000000000000003,16011
2019,0.026000000000000002,16013
2019,0.043,16015
2019,0.042,16017
2019,0.024,16019
2019,0.044000000000000004,16021
2019,0.026000000000000002,16023
2019,0.027000000000000003,16025
2019,0.032,16027
2019,0.027000000000000003,16029
2019,0.024,16031
2019,0.037000000000000005,16033
2019,0.068,16035
2019,0.042,16037
2019,0.033,16039
2019,0.023,16041
2019,0.023,16043
2019,0.033,16045
2019,0.026000000000000002,16047
2019,0.045,16049
2019,0.023,16051
2019,0.026000000000000002,16053
2019,0.036000000000000004,16055
2019,0.027000000000000003,16057
2019,0.048,16059
2019,0.055,16061
2019,0.036000000000000004,16063
2019,0.018000000000000002,16065
2019,0.025,16067
2019,0.027999999999999997,16069
2019,0.023,16071
2019,0.034,16073
2019,0.036000000000000004,16075
2019,0.031,16077
2019,0.059000000000000004,16079
2019,0.022000000000000002,16081
2019,0.027999999999999997,16083
2019,0.039,16085
2019,0.042,16087
2019,0.034,17001
2019,0.062,17003
2019,0.038,17005
2019,0.055999999999999994,17007
2019,0.024,17009
2019,0.046,17011
2019,0.048,17013
2019,0.040999999999999995,17015
2019,0.040999999999999995,17017
2019,0.038,17019
2019,0.048,17021
2019,0.045,17023
2019,0.045,17025
2019,0.031,17027
2019,0.04,17029
2019,0.038,17031
2019,0.043,17033
2019,0.034,17035
2019,0.040999999999999995,17037
2019,0.043,17039
2019,0.036000000000000004,17041
2019,0.028999999999999998,17043
2019,0.042,17045
2019,0.040999999999999995,17047
2019,0.033,17049
2019,0.044000000000000004,17051
2019,0.043,17053
2019,0.054000000000000006,17055
2019,0.055999999999999994,17057
2019,0.049,17059
2019,0.043,17061
2019,0.045,17063
2019,0.039,17065
2019,0.047,17067
2019,0.066,17069
2019,0.048,17071
2019,0.048,17073
2019,0.042,17075
2019,0.038,17077
2019,0.042,17079
2019,0.046,17081
2019,0.044000000000000004,17083
2019,0.040999999999999995,17085
2019,0.06,17087
2019,0.044000000000000004,17089
2019,0.05,17091
2019,0.033,17093
2019,0.05,17095
2019,0.040999999999999995,17097
2019,0.053,17099
2019,0.052000000000000005,17101
2019,0.04,17103
2019,0.040999999999999995,17105
2019,0.043,17107
2019,0.047,17109
2019,0.033,17111
2019,0.038,17113
2019,0.053,17115
2019,0.043,17117
2019,0.039,17119
2019,0.045,17121
2019,0.048,17123
2019,0.053,17125
2019,0.055999999999999994,17127
2019,0.038,17129
2019,0.05,17131
2019,0.031,17133
2019,0.052000000000000005,17135
2019,0.04,17137
2019,0.033,17139
2019,0.048,17141
2019,0.051,17143
2019,0.051,17145
2019,0.036000000000000004,17147
2019,0.043,17149
2019,0.055999999999999994,17151
2019,0.066,17153
2019,0.05,17155
2019,0.037000000000000005,17157
2019,0.040999999999999995,17159
2019,0.049,17161
2019,0.045,17163
2019,0.053,17165
2019,0.04,17167
2019,0.042,17169
2019,0.047,17171
2019,0.039,17173
2019,0.057,17175
2019,0.044000000000000004,17177
2019,0.044000000000000004,17179
2019,0.057,17181
2019,0.051,17183
2019,0.038,17185
2019,0.040999999999999995,17187
2019,0.025,17189
2019,0.048,17191
2019,0.038,17193
2019,0.043,17195
2019,0.038,17197
2019,0.043,17199
2019,0.057,17201
2019,0.037000000000000005,17203
2019,0.027000000000000003,18001
2019,0.031,18003
2019,0.025,18005
2019,0.032,18007
2019,0.04,18009
2019,0.025,18011
2019,0.03,18013
2019,0.03,18015
2019,0.035,18017
2019,0.033,18019
2019,0.035,18021
2019,0.027000000000000003,18023
2019,0.040999999999999995,18025
2019,0.026000000000000002,18027
2019,0.036000000000000004,18029
2019,0.028999999999999998,18031
2019,0.027999999999999997,18033
2019,0.039,18035
2019,0.024,18037
2019,0.031,18039
2019,0.047,18041
2019,0.032,18043
2019,0.035,18045
2019,0.034,18047
2019,0.032,18049
2019,0.025,18051
2019,0.037000000000000005,18053
2019,0.040999999999999995,18055
2019,0.025,18057
2019,0.027999999999999997,18059
2019,0.032,18061
2019,0.027000000000000003,18063
2019,0.033,18065
2019,0.04,18067
2019,0.033,18069
2019,0.026000000000000002,18071
2019,0.037000000000000005,18073
2019,0.03,18075
2019,0.034,18077
2019,0.033,18079
2019,0.027000000000000003,18081
2019,0.031,18083
2019,0.027999999999999997,18085
2019,0.027999999999999997,18087
2019,0.049,18089
2019,0.043,18091
2019,0.036000000000000004,18093
2019,0.037000000000000005,18095
2019,0.033,18097
2019,0.031,18099
2019,0.026000000000000002,18101
2019,0.039,18103
2019,0.033,18105
2019,0.031,18107
2019,0.031,18109
2019,0.040999999999999995,18111
2019,0.031,18113
2019,0.035,18115
2019,0.035,18117
2019,0.04,18119
2019,0.038,18121
2019,0.033,18123
2019,0.033,18125
2019,0.037000000000000005,18127
2019,0.027000000000000003,18129
2019,0.031,18131
2019,0.035,18133
2019,0.037000000000000005,18135
2019,0.033,18137
2019,0.027000000000000003,18139
2019,0.036000000000000004,18141
2019,0.036000000000000004,18143
2019,0.028999999999999998,18145
2019,0.031,18147
2019,0.043,18149
2019,0.027000000000000003,18151
2019,0.043,18153
2019,0.033,18155
2019,0.028999999999999998,18157
2019,0.027000000000000003,18159
2019,0.033,18161
2019,0.031,18163
2019,0.052000000000000005,18165
2019,0.043,18167
2019,0.031,18169
2019,0.03,18171
2019,0.028999999999999998,18173
2019,0.033,18175
2019,0.036000000000000004,18177
2019,0.027000000000000003,18179
2019,0.027000000000000003,18181
2019,0.028999999999999998,18183
2019,0.024,19001
2019,0.017,19003
2019,0.035,19005
2019,0.036000000000000004,19007
2019,0.025,19009
2019,0.03,19011
2019,0.032,19013
2019,0.024,19015
2019,0.023,19017
2019,0.027999999999999997,19019
2019,0.021,19021
2019,0.032,19023
2019,0.026000000000000002,19025
2019,0.019,19027
2019,0.027999999999999997,19029
2019,0.025,19031
2019,0.027000000000000003,19033
2019,0.025,19035
2019,0.028999999999999998,19037
2019,0.028999999999999998,19039
2019,0.027999999999999997,19041
2019,0.037000000000000005,19043
2019,0.037000000000000005,19045
2019,0.036000000000000004,19047
2019,0.02,19049
2019,0.028999999999999998,19051
2019,0.022000000000000002,19053
2019,0.024,19055
2019,0.04,19057
2019,0.028999999999999998,19059
2019,0.026000000000000002,19061
2019,0.026000000000000002,19063
2019,0.036000000000000004,19065
2019,0.036000000000000004,19067
2019,0.023,19069
2019,0.027999999999999997,19071
2019,0.024,19073
2019,0.027999999999999997,19075
2019,0.03,19077
2019,0.028999999999999998,19079
2019,0.024,19081
2019,0.032,19083
2019,0.024,19085
2019,0.027000000000000003,19087
2019,0.027999999999999997,19089
2019,0.027000000000000003,19091
2019,0.02,19093
2019,0.022000000000000002,19095
2019,0.032,19097
2019,0.028999999999999998,19099
2019,0.024,19101
2019,0.02,19103
2019,0.032,19105
2019,0.033,19107
2019,0.022000000000000002,19109
2019,0.039,19111
2019,0.028999999999999998,19113
2019,0.031,19115
2019,0.021,19117
2019,0.016,19119
2019,0.036000000000000004,19121
2019,0.025,19123
2019,0.021,19125
2019,0.045,19127
2019,0.023,19129
2019,0.017,19131
2019,0.03,19133
2019,0.031,19135
2019,0.027000000000000003,19137
2019,0.028999999999999998,19139
2019,0.022000000000000002,19141
2019,0.019,19143
2019,0.026000000000000002,19145
2019,0.022000000000000002,19147
2019,0.022000000000000002,19149
2019,0.019,19151
2019,0.027999999999999997,19153
2019,0.024,19155
2019,0.027000000000000003,19157
2019,0.028999999999999998,19159
2019,0.024,19161
2019,0.033,19163
2019,0.021,19165
2019,0.019,19167
2019,0.019,19169
2019,0.031,19171
2019,0.019,19173
2019,0.032,19175
2019,0.027000000000000003,19177
2019,0.037000000000000005,19179
2019,0.025,19181
2019,0.025,19183
2019,0.026000000000000002,19185
2019,0.031,19187
2019,0.027999999999999997,19189
2019,0.028999999999999998,19191
2019,0.027000000000000003,19193
2019,0.027999999999999997,19195
2019,0.026000000000000002,19197
2019,0.035,20001
2019,0.033,20003
2019,0.052000000000000005,20005
2019,0.025,20007
2019,0.031,20009
2019,0.042,20011
2019,0.032,20013
2019,0.032,20015
2019,0.027999999999999997,20017
2019,0.039,20019
2019,0.034,20021
2019,0.024,20023
2019,0.023,20025
2019,0.032,20027
2019,0.032,20029
2019,0.045,20031
2019,0.026000000000000002,20033
2019,0.034,20035
2019,0.039,20037
2019,0.03,20039
2019,0.036000000000000004,20041
2019,0.034,20043
2019,0.028999999999999998,20045
2019,0.026000000000000002,20047
2019,0.037000000000000005,20049
2019,0.023,20051
2019,0.027999999999999997,20053
2019,0.023,20055
2019,0.025,20057
2019,0.033,20059
2019,0.044000000000000004,20061
2019,0.021,20063
2019,0.031,20065
2019,0.028999999999999998,20067
2019,0.02,20069
2019,0.023,20071
2019,0.032,20073
2019,0.019,20075
2019,0.025,20077
2019,0.028999999999999998,20079
2019,0.023,20081
2019,0.024,20083
2019,0.028999999999999998,20085
2019,0.031,20087
2019,0.027999999999999997,20089
2019,0.027999999999999997,20091
2019,0.023,20093
2019,0.032,20095
2019,0.023,20097
2019,0.04,20099
2019,0.026000000000000002,20101
2019,0.034,20103
2019,0.023,20105
2019,0.059000000000000004,20107
2019,0.02,20109
2019,0.034,20111
2019,0.022000000000000002,20113
2019,0.03,20115
2019,0.028999999999999998,20117
2019,0.023,20119
2019,0.033,20121
2019,0.024,20123
2019,0.040999999999999995,20125
2019,0.027000000000000003,20127
2019,0.028999999999999998,20129
2019,0.027999999999999997,20131
2019,0.046,20133
2019,0.025,20135
2019,0.022000000000000002,20137
2019,0.036000000000000004,20139
2019,0.02,20141
2019,0.027000000000000003,20143
2019,0.028999999999999998,20145
2019,0.026000000000000002,20147
2019,0.027999999999999997,20149
2019,0.025,20151
2019,0.022000000000000002,20153
2019,0.032,20155
2019,0.026000000000000002,20157
2019,0.027999999999999997,20159
2019,0.027999999999999997,20161
2019,0.035,20163
2019,0.027999999999999997,20165
2019,0.028999999999999998,20167
2019,0.03,20169
2019,0.019,20171
2019,0.035,20173
2019,0.031,20175
2019,0.033,20177
2019,0.022000000000000002,20179
2019,0.027000000000000003,20181
2019,0.025,20183
2019,0.027000000000000003,20185
2019,0.025,20187
2019,0.026000000000000002,20189
2019,0.034,20191
2019,0.023,20193
2019,0.027999999999999997,20195
2019,0.032,20197
2019,0.026000000000000002,20199
2019,0.026000000000000002,20201
2019,0.02,20203
2019,0.04,20205
2019,0.042,20207
2019,0.043,20209
2019,0.053,21001
2019,0.042,21003
2019,0.037000000000000005,21005
2019,0.057,21007
2019,0.045,21009
2019,0.062,21011
2019,0.064,21013
2019,0.034,21015
2019,0.038,21017
2019,0.057,21019
2019,0.047,21021
2019,0.049,21023
2019,0.075,21025
2019,0.053,21027
2019,0.040999999999999995,21029
2019,0.048,21031
2019,0.05,21033
2019,0.040999999999999995,21035
2019,0.035,21037
2019,0.042,21039
2019,0.04,21041
2019,0.083,21043
2019,0.042,21045
2019,0.055999999999999994,21047
2019,0.039,21049
2019,0.07,21051
2019,0.055,21053
2019,0.049,21055
2019,0.042,21057
2019,0.039,21059
2019,0.049,21061
2019,0.08199999999999999,21063
2019,0.05,21065
2019,0.033,21067
2019,0.054000000000000006,21069
2019,0.064,21071
2019,0.037000000000000005,21073
2019,0.057,21075
2019,0.04,21077
2019,0.046,21079
2019,0.040999999999999995,21081
2019,0.046,21083
2019,0.05,21085
2019,0.044000000000000004,21087
2019,0.066,21089
2019,0.038,21091
2019,0.040999999999999995,21093
2019,0.096,21095
2019,0.043,21097
2019,0.047,21099
2019,0.038,21101
2019,0.037000000000000005,21103
2019,0.048,21105
2019,0.046,21107
2019,0.065,21109
2019,0.04,21111
2019,0.036000000000000004,21113
2019,0.066,21115
2019,0.036000000000000004,21117
2019,0.069,21119
2019,0.06,21121
2019,0.045,21123
2019,0.049,21125
2019,0.071,21127
2019,0.057,21129
2019,0.08199999999999999,21131
2019,0.07400000000000001,21133
2019,0.08900000000000001,21135
2019,0.05,21137
2019,0.057,21139
2019,0.04,21141
2019,0.047,21143
2019,0.049,21145
2019,0.06,21147
2019,0.044000000000000004,21149
2019,0.039,21151
2019,0.11,21153
2019,0.039,21155
2019,0.047,21157
2019,0.069,21159
2019,0.057999999999999996,21161
2019,0.046,21163
2019,0.069,21165
2019,0.046,21167
2019,0.048,21169
2019,0.039,21171
2019,0.053,21173
2019,0.054000000000000006,21175
2019,0.062,21177
2019,0.045,21179
2019,0.044000000000000004,21181
2019,0.051,21183
2019,0.033,21185
2019,0.046,21187
2019,0.07,21189
2019,0.038,21191
2019,0.061,21193
2019,0.057999999999999996,21195
2019,0.054000000000000006,21197
2019,0.047,21199
2019,0.054000000000000006,21201
2019,0.048,21203
2019,0.053,21205
2019,0.057,21207
2019,0.035,21209
2019,0.034,21211
2019,0.045,21213
2019,0.036000000000000004,21215
2019,0.043,21217
2019,0.039,21219
2019,0.047,21221
2019,0.044000000000000004,21223
2019,0.045,21225
2019,0.039,21227
2019,0.039,21229
2019,0.057999999999999996,21231
2019,0.04,21233
2019,0.052000000000000005,21235
2019,0.071,21237
2019,0.031,21239
2019,0.053,22001
2019,0.057,22003
2019,0.040999999999999995,22005
2019,0.061,22007
2019,0.057999999999999996,22009
2019,0.052000000000000005,22011
2019,0.059000000000000004,22013
2019,0.043,22015
2019,0.054000000000000006,22017
2019,0.040999999999999995,22019
2019,0.061,22021
2019,0.038,22023
2019,0.064,22025
2019,0.057,22027
2019,0.065,22029
2019,0.06,22031
2019,0.044000000000000004,22033
2019,0.106,22035
2019,0.046,22037
2019,0.059000000000000004,22039
2019,0.07200000000000001,22041
2019,0.057999999999999996,22043
2019,0.054000000000000006,22045
2019,0.059000000000000004,22047
2019,0.047,22049
2019,0.042,22051
2019,0.047,22053
2019,0.043,22055
2019,0.045,22057
2019,0.043,22059
2019,0.054000000000000006,22061
2019,0.040999999999999995,22063
2019,0.081,22065
2019,0.083,22067
2019,0.06,22069
2019,0.049,22071
2019,0.053,22073
2019,0.043,22075
2019,0.054000000000000006,22077
2019,0.051,22079
2019,0.051,22081
2019,0.063,22083
2019,0.051,22085
2019,0.049,22087
2019,0.043,22089
2019,0.061,22091
2019,0.06,22093
2019,0.055999999999999994,22095
2019,0.063,22097
2019,0.051,22099
2019,0.059000000000000004,22101
2019,0.042,22103
2019,0.055,22105
2019,0.083,22107
2019,0.046,22109
2019,0.057999999999999996,22111
2019,0.051,22113
2019,0.062,22115
2019,0.059000000000000004,22117
2019,0.061,22119
2019,0.045,22121
2019,0.107,22123
2019,0.040999999999999995,22125
2019,0.063,22127
2019,0.03,23001
2019,0.046,23003
2019,0.024,23005
2019,0.038,23007
2019,0.035,23009
2019,0.028999999999999998,23011
2019,0.028999999999999998,23013
2019,0.03,23015
2019,0.036000000000000004,23017
2019,0.032,23019
2019,0.037000000000000005,23021
2019,0.023,23023
2019,0.045,23025
2019,0.032,23027
2019,0.046,23029
2019,0.027000000000000003,23031
2019,0.052000000000000005,24001
2019,0.031,24003
2019,0.037000000000000005,24005
2019,0.032,24009
2019,0.036000000000000004,24011
2019,0.028999999999999998,24013
2019,0.04,24015
2019,0.036000000000000004,24017
2019,0.048,24019
2019,0.032,24021
2019,0.044000000000000004,24023
2019,0.033,24025
2019,0.027000000000000003,24027
2019,0.04,24029
2019,0.028999999999999998,24031
2019,0.038,24033
2019,0.031,24035
2019,0.033,24037
2019,0.061,24039
2019,0.034,24041
2019,0.039,24043
2019,0.046,24045
2019,0.07400000000000001,24047
2019,0.051,24510
2019,0.039,25001
2019,0.035,25003
2019,0.037000000000000005,25005
2019,0.040999999999999995,25007
2019,0.03,25009
2019,0.027000000000000003,25011
2019,0.040999999999999995,25013
2019,0.027000000000000003,25015
2019,0.023,25017
2019,0.042,25019
2019,0.025,25021
2019,0.03,25023
2019,0.026000000000000002,25025
2019,0.031,25027
2019,0.063,26001
2019,0.078,26003
2019,0.031,26005
2019,0.047,26007
2019,0.051,26009
2019,0.066,26011
2019,0.063,26013
2019,0.032,26015
2019,0.047,26017
2019,0.051,26019
2019,0.04,26021
2019,0.039,26023
2019,0.040999999999999995,26025
2019,0.043,26027
2019,0.046,26029
2019,0.087,26031
2019,0.063,26033
2019,0.061,26035
2019,0.03,26037
2019,0.055999999999999994,26039
2019,0.052000000000000005,26041
2019,0.042,26043
2019,0.034,26045
2019,0.054000000000000006,26047
2019,0.049,26049
2019,0.057,26051
2019,0.052000000000000005,26053
2019,0.034,26055
2019,0.044000000000000004,26057
2019,0.042,26059
2019,0.049,26061
2019,0.044000000000000004,26063
2019,0.035,26065
2019,0.034,26067
2019,0.06,26069
2019,0.055,26071
2019,0.038,26073
2019,0.038,26075
2019,0.033,26077
2019,0.055999999999999994,26079
2019,0.028999999999999998,26081
2019,0.069,26083
2019,0.064,26085
2019,0.054000000000000006,26087
2019,0.037000000000000005,26089
2019,0.039,26091
2019,0.033,26093
2019,0.062,26095
2019,0.09300000000000001,26097
2019,0.042,26099
2019,0.055,26101
2019,0.048,26103
2019,0.049,26105
2019,0.047,26107
2019,0.04,26109
2019,0.037000000000000005,26111
2019,0.048,26113
2019,0.039,26115
2019,0.040999999999999995,26117
2019,0.083,26119
2019,0.043,26121
2019,0.042,26123
2019,0.034,26125
2019,0.059000000000000004,26127
2019,0.067,26129
2019,0.068,26131
2019,0.04,26133
2019,0.069,26135
2019,0.049,26137
2019,0.027999999999999997,26139
2019,0.076,26141
2019,0.075,26143
2019,0.048,26145
2019,0.049,26147
2019,0.043,26149
2019,0.047,26151
2019,0.07,26153
2019,0.043,26155
2019,0.051,26157
2019,0.046,26159
2019,0.028999999999999998,26161
2019,0.051,26163
2019,0.045,26165
2019,0.062,27001
2019,0.031,27003
2019,0.04,27005
2019,0.043,27007
2019,0.039,27009
2019,0.042,27011
2019,0.027999999999999997,27013
2019,0.036000000000000004,27015
2019,0.045,27017
2019,0.027999999999999997,27019
2019,0.055,27021
2019,0.039,27023
2019,0.038,27025
2019,0.03,27027
2019,0.08199999999999999,27029
2019,0.043,27031
2019,0.037000000000000005,27033
2019,0.043,27035
2019,0.028999999999999998,27037
2019,0.034,27039
2019,0.032,27041
2019,0.042,27043
2019,0.033,27045
2019,0.034,27047
2019,0.03,27049
2019,0.045,27051
2019,0.027999999999999997,27053
2019,0.032,27055
2019,0.054000000000000006,27057
2019,0.040999999999999995,27059
2019,0.06,27061
2019,0.034,27063
2019,0.059000000000000004,27065
2019,0.035,27067
2019,0.036000000000000004,27069
2019,0.064,27071
2019,0.037000000000000005,27073
2019,0.036000000000000004,27075
2019,0.040999999999999995,27077
2019,0.045,27079
2019,0.038,27081
2019,0.032,27083
2019,0.037000000000000005,27085
2019,0.047,27087
2019,0.059000000000000004,27089
2019,0.038,27091
2019,0.039,27093
2019,0.054000000000000006,27095
2019,0.052000000000000005,27097
2019,0.03,27099
2019,0.043,27101
2019,0.025,27103
2019,0.03,27105
2019,0.048,27107
2019,0.026000000000000002,27109
2019,0.042,27111
2019,0.046,27113
2019,0.055,27115
2019,0.035,27117
2019,0.04,27119
2019,0.031,27121
2019,0.03,27123
2019,0.053,27125
2019,0.037000000000000005,27127
2019,0.045,27129
2019,0.031,27131
2019,0.023,27133
2019,0.039,27135
2019,0.04,27137
2019,0.027000000000000003,27139
2019,0.035,27141
2019,0.038,27143
2019,0.032,27145
2019,0.032,27147
2019,0.027000000000000003,27149
2019,0.044000000000000004,27151
2019,0.044000000000000004,27153
2019,0.037000000000000005,27155
2019,0.033,27157
2019,0.062,27159
2019,0.039,27161
2019,0.027999999999999997,27163
2019,0.04,27165
2019,0.034,27167
2019,0.028999999999999998,27169
2019,0.033,27171
2019,0.038,27173
2019,0.071,28001
2019,0.047,28003
2019,0.07,28005
2019,0.062,28007
2019,0.061,28009
2019,0.07,28011
2019,0.055,28013
2019,0.063,28015
2019,0.055999999999999994,28017
2019,0.055,28019
2019,0.107,28021
2019,0.062,28023
2019,0.075,28025
2019,0.077,28027
2019,0.066,28029
2019,0.049,28031
2019,0.044000000000000004,28033
2019,0.051,28035
2019,0.068,28037
2019,0.07400000000000001,28039
2019,0.078,28041
2019,0.051,28043
2019,0.055999999999999994,28045
2019,0.052000000000000005,28047
2019,0.052000000000000005,28049
2019,0.10300000000000001,28051
2019,0.10099999999999999,28053
2019,0.113,28055
2019,0.047,28057
2019,0.06,28059
2019,0.068,28061
2019,0.155,28063
2019,0.069,28065
2019,0.054000000000000006,28067
2019,0.08,28069
2019,0.045,28071
2019,0.042,28073
2019,0.055,28075
2019,0.068,28077
2019,0.055,28079
2019,0.044000000000000004,28081
2019,0.075,28083
2019,0.055999999999999994,28085
2019,0.053,28087
2019,0.044000000000000004,28089
2019,0.055,28091
2019,0.057,28093
2019,0.055,28095
2019,0.06,28097
2019,0.059000000000000004,28099
2019,0.055,28101
2019,0.073,28103
2019,0.055999999999999994,28105
2019,0.066,28107
2019,0.052000000000000005,28109
2019,0.067,28111
2019,0.065,28113
2019,0.043,28115
2019,0.049,28117
2019,0.08199999999999999,28119
2019,0.039,28121
2019,0.045,28123
2019,0.084,28125
2019,0.052000000000000005,28127
2019,0.052000000000000005,28129
2019,0.066,28131
2019,0.08900000000000001,28133
2019,0.057999999999999996,28135
2019,0.055999999999999994,28137
2019,0.051,28139
2019,0.051,28141
2019,0.062,28143
2019,0.042,28145
2019,0.073,28147
2019,0.06,28149
2019,0.076,28151
2019,0.061,28153
2019,0.055999999999999994,28155
2019,0.10099999999999999,28157
2019,0.061,28159
2019,0.057,28161
2019,0.064,28163
2019,0.039,29001
2019,0.027999999999999997,29003
2019,0.037000000000000005,29005
2019,0.034,29007
2019,0.035,29009
2019,0.034,29011
2019,0.04,29013
2019,0.048,29015
2019,0.039,29017
2019,0.024,29019
2019,0.031,29021
2019,0.047,29023
2019,0.032,29025
2019,0.028999999999999998,29027
2019,0.045,29029
2019,0.028999999999999998,29031
2019,0.032,29033
2019,0.049,29035
2019,0.03,29037
2019,0.037000000000000005,29039
2019,0.03,29041
2019,0.027000000000000003,29043
2019,0.036000000000000004,29045
2019,0.028999999999999998,29047
2019,0.03,29049
2019,0.026000000000000002,29051
2019,0.037000000000000005,29053
2019,0.038,29055
2019,0.031,29057
2019,0.045,29059
2019,0.033,29061
2019,0.031,29063
2019,0.036000000000000004,29065
2019,0.051,29067
2019,0.055,29069
2019,0.032,29071
2019,0.034,29073
2019,0.027000000000000003,29075
2019,0.027000000000000003,29077
2019,0.035,29079
2019,0.033,29081
2019,0.037000000000000005,29083
2019,0.042,29085
2019,0.027999999999999997,29087
2019,0.031,29089
2019,0.040999999999999995,29091
2019,0.048,29093
2019,0.037000000000000005,29095
2019,0.03,29097
2019,0.031,29099
2019,0.037000000000000005,29101
2019,0.028999999999999998,29103
2019,0.069,29105
2019,0.031,29107
2019,0.035,29109
2019,0.032,29111
2019,0.033,29113
2019,0.049,29115
2019,0.025,29117
2019,0.033,29119
2019,0.034,29121
2019,0.034,29123
2019,0.035,29125
2019,0.032,29127
2019,0.032,29129
2019,0.038,29131
2019,0.040999999999999995,29133
2019,0.03,29135
2019,0.042,29137
2019,0.031,29139
2019,0.043,29141
2019,0.043,29143
2019,0.033,29145
2019,0.03,29147
2019,0.039,29149
2019,0.024,29151
2019,0.057999999999999996,29153
2019,0.05,29155
2019,0.026000000000000002,29157
2019,0.035,29159
2019,0.033,29161
2019,0.036000000000000004,29163
2019,0.027000000000000003,29165
2019,0.034,29167
2019,0.040999999999999995,29169
2019,0.037000000000000005,29171
2019,0.031,29173
2019,0.039,29175
2019,0.036000000000000004,29177
2019,0.037000000000000005,29179
2019,0.055,29181
2019,0.025,29183
2019,0.046,29185
2019,0.027000000000000003,29186
2019,0.037000000000000005,29187
2019,0.031,29189
2019,0.032,29195
2019,0.044000000000000004,29197
2019,0.031,29199
2019,0.035,29201
2019,0.055999999999999994,29203
2019,0.03,29205
2019,0.047,29207
2019,0.05,29209
2019,0.035,29211
2019,0.051,29213
2019,0.045,29215
2019,0.035,29217
2019,0.028999999999999998,29219
2019,0.045,29221
2019,0.048,29223
2019,0.036000000000000004,29225
2019,0.027000000000000003,29227
2019,0.053,29229
2019,0.039,29510
2019,0.028999999999999998,30001
2019,0.07400000000000001,30003
2019,0.035,30005
2019,0.04,30007
2019,0.034,30009
2019,0.027999999999999997,30011
2019,0.034,30013
2019,0.027000000000000003,30015
2019,0.028999999999999998,30017
2019,0.02,30019
2019,0.024,30021
2019,0.032,30023
2019,0.018000000000000002,30025
2019,0.031,30027
2019,0.047,30029
2019,0.023,30031
2019,0.024,30033
2019,0.075,30035
2019,0.040999999999999995,30037
2019,0.057,30039
2019,0.037000000000000005,30041
2019,0.033,30043
2019,0.031,30045
2019,0.042,30047
2019,0.03,30049
2019,0.025,30051
2019,0.07200000000000001,30053
2019,0.02,30055
2019,0.032,30057
2019,0.035,30059
2019,0.057,30061
2019,0.032,30063
2019,0.039,30065
2019,0.034,30067
2019,0.036000000000000004,30069
2019,0.037000000000000005,30071
2019,0.038,30073
2019,0.024,30075
2019,0.036000000000000004,30077
2019,0.038,30079
2019,0.04,30081
2019,0.027000000000000003,30083
2019,0.043,30085
2019,0.05,30087
2019,0.059000000000000004,30089
2019,0.022000000000000002,30091
2019,0.038,30093
2019,0.031,30095
2019,0.027999999999999997,30097
2019,0.033,30099
2019,0.024,30101
2019,0.027000000000000003,30103
2019,0.032,30105
2019,0.038,30107
2019,0.03,30109
2019,0.032,30111
2019,0.032,31001
2019,0.026000000000000002,31003
2019,0.054000000000000006,31005
2019,0.037000000000000005,31007
2019,0.05,31009
2019,0.027000000000000003,31011
2019,0.032,31013
2019,0.033,31015
2019,0.035,31017
2019,0.026000000000000002,31019
2019,0.034,31021
2019,0.026000000000000002,31023
2019,0.033,31025
2019,0.025,31027
2019,0.023,31029
2019,0.024,31031
2019,0.037000000000000005,31033
2019,0.032,31035
2019,0.027000000000000003,31037
2019,0.027000000000000003,31039
2019,0.024,31041
2019,0.039,31043
2019,0.028999999999999998,31045
2019,0.03,31047
2019,0.028999999999999998,31049
2019,0.031,31051
2019,0.028999999999999998,31053
2019,0.033,31055
2019,0.026000000000000002,31057
2019,0.026000000000000002,31059
2019,0.034,31061
2019,0.033,31063
2019,0.027999999999999997,31065
2019,0.036000000000000004,31067
2019,0.028999999999999998,31069
2019,0.027000000000000003,31071
2019,0.026000000000000002,31073
2019,0.027999999999999997,31075
2019,0.028999999999999998,31077
2019,0.035,31079
2019,0.03,31081
2019,0.027999999999999997,31083
2019,0.024,31085
2019,0.034,31087
2019,0.026000000000000002,31089
2019,0.031,31091
2019,0.035,31093
2019,0.027000000000000003,31095
2019,0.035,31097
2019,0.023,31099
2019,0.032,31101
2019,0.025,31103
2019,0.03,31105
2019,0.03,31107
2019,0.027999999999999997,31109
2019,0.035,31111
2019,0.03,31113
2019,0.04,31115
2019,0.027000000000000003,31117
2019,0.027999999999999997,31119
2019,0.032,31121
2019,0.028999999999999998,31123
2019,0.03,31125
2019,0.037000000000000005,31127
2019,0.027000000000000003,31129
2019,0.032,31131
2019,0.028999999999999998,31133
2019,0.023,31135
2019,0.026000000000000002,31137
2019,0.027000000000000003,31139
2019,0.028999999999999998,31141
2019,0.027999999999999997,31143
2019,0.027999999999999997,31145
2019,0.032,31147
2019,0.031,31149
2019,0.032,31151
2019,0.028999999999999998,31153
2019,0.027999999999999997,31155
2019,0.037000000000000005,31157
2019,0.028999999999999998,31159
2019,0.027999999999999997,31161
2019,0.032,31163
2019,0.027999999999999997,31165
2019,0.026000000000000002,31167
2019,0.027000000000000003,31169
2019,0.035,31171
2019,0.045,31173
2019,0.032,31175
2019,0.028999999999999998,31177
2019,0.026000000000000002,31179
2019,0.035,31181
2019,0.027999999999999997,31183
2019,0.027000000000000003,31185
2019,0.035,32001
2019,0.04,32003
2019,0.039,32005
2019,0.03,32007
2019,0.037000000000000005,32009
2019,0.024,32011
2019,0.028999999999999998,32013
2019,0.032,32015
2019,0.04,32017
2019,0.047,32019
2019,0.04,32021
2019,0.051,32023
2019,0.04,32027
2019,0.037000000000000005,32029
2019,0.032,32031
2019,0.03,32033
2019,0.039,32510
2019,0.025,33001
2019,0.025,33003
2019,0.026000000000000002,33005
2019,0.032,33007
2019,0.022000000000000002,33009
2019,0.026000000000000002,33011
2019,0.023,33013
2019,0.027000000000000003,33015
2019,0.023,33017
2019,0.023,33019
2019,0.051,34001
2019,0.028999999999999998,34003
2019,0.033,34005
2019,0.04,34007
2019,0.07200000000000001,34009
2019,0.055,34011
2019,0.045,34013
2019,0.037000000000000005,34015
2019,0.033,34017
2019,0.027999999999999997,34019
2019,0.032,34021
2019,0.031,34023
2019,0.032,34025
2019,0.027999999999999997,34027
2019,0.037000000000000005,34029
2019,0.043,34031
2019,0.048,34033
2019,0.03,34035
2019,0.034,34037
2019,0.037000000000000005,34039
2019,0.033,34041
2019,0.044000000000000004,35001
2019,0.062,35003
2019,0.049,35005
2019,0.063,35006
2019,0.047,35007
2019,0.040999999999999995,35009
2019,0.043,35011
2019,0.057,35013
2019,0.031,35015
2019,0.048,35017
2019,0.053,35019
2019,0.051,35021
2019,0.043,35023
2019,0.039,35025
2019,0.046,35027
2019,0.032,35028
2019,0.122,35029
2019,0.07,35031
2019,0.06,35033
2019,0.049,35035
2019,0.052000000000000005,35037
2019,0.053,35039
2019,0.045,35041
2019,0.048,35043
2019,0.057,35045
2019,0.057999999999999996,35047
2019,0.039,35049
2019,0.068,35051
2019,0.057999999999999996,35053
2019,0.06,35055
2019,0.068,35057
2019,0.035,35059
2019,0.053,35061
2019,0.036000000000000004,36001
2019,0.055,36003
2019,0.054000000000000006,36005
2019,0.047,36007
2019,0.051,36009
2019,0.043,36011
2019,0.047,36013
2019,0.042,36015
2019,0.044000000000000004,36017
2019,0.044000000000000004,36019
2019,0.032,36021
2019,0.049,36023
2019,0.047,36025
2019,0.036000000000000004,36027
2019,0.043,36029
2019,0.047,36031
2019,0.049,36033
2019,0.05,36035
2019,0.039,36037
2019,0.045,36039
2019,0.06,36041
2019,0.049,36043
2019,0.055999999999999994,36045
2019,0.040999999999999995,36047
2019,0.055,36049
2019,0.042,36051
2019,0.045,36053
2019,0.042,36055
2019,0.051,36057
2019,0.034,36059
2019,0.035,36061
2019,0.05,36063
2019,0.043,36065
2019,0.039,36067
2019,0.039,36069
2019,0.038,36071
2019,0.047,36073
2019,0.054000000000000006,36075
2019,0.042,36077
2019,0.037000000000000005,36079
2019,0.035,36081
2019,0.038,36083
2019,0.039,36085
2019,0.036000000000000004,36087
2019,0.055,36089
2019,0.034,36091
2019,0.038,36093
2019,0.047,36095
2019,0.047,36097
2019,0.038,36099
2019,0.046,36101
2019,0.037000000000000005,36103
2019,0.04,36105
2019,0.040999999999999995,36107
2019,0.036000000000000004,36109
2019,0.038,36111
2019,0.046,36113
2019,0.040999999999999995,36115
2019,0.04,36117
2019,0.038,36119
2019,0.044000000000000004,36121
2019,0.037000000000000005,36123
2019,0.038,37001
2019,0.033,37003
2019,0.048,37005
2019,0.042,37007
2019,0.037000000000000005,37009
2019,0.037000000000000005,37011
2019,0.046,37013
2019,0.048,37015
2019,0.048,37017
2019,0.052000000000000005,37019
2019,0.03,37021
2019,0.037000000000000005,37023
2019,0.036000000000000004,37025
2019,0.040999999999999995,37027
2019,0.039,37029
2019,0.042,37031
2019,0.045,37033
2019,0.036000000000000004,37035
2019,0.034,37037
2019,0.045,37039
2019,0.047,37041
2019,0.045,37043
2019,0.04,37045
2019,0.049,37047
2019,0.040999999999999995,37049
2019,0.051,37051
2019,0.036000000000000004,37053
2019,0.047,37055
2019,0.037000000000000005,37057
2019,0.034,37059
2019,0.040999999999999995,37061
2019,0.034,37063
2019,0.059000000000000004,37065
2019,0.037000000000000005,37067
2019,0.04,37069
2019,0.039,37071
2019,0.040999999999999995,37073
2019,0.054000000000000006,37075
2019,0.034,37077
2019,0.038,37079
2019,0.040999999999999995,37081
2019,0.057,37083
2019,0.046,37085
2019,0.034,37087
2019,0.033,37089
2019,0.052000000000000005,37091
2019,0.049,37093
2019,0.086,37095
2019,0.036000000000000004,37097
2019,0.040999999999999995,37099
2019,0.036000000000000004,37101
2019,0.039,37103
2019,0.045,37105
2019,0.038,37107
2019,0.035,37109
2019,0.038,37111
2019,0.039,37113
2019,0.036000000000000004,37115
2019,0.051,37117
2019,0.036000000000000004,37119
2019,0.046,37121
2019,0.04,37123
2019,0.038,37125
2019,0.048,37127
2019,0.036000000000000004,37129
2019,0.052000000000000005,37131
2019,0.046,37133
2019,0.033,37135
2019,0.038,37137
2019,0.046,37139
2019,0.039,37141
2019,0.05,37143
2019,0.042,37145
2019,0.042,37147
2019,0.038,37149
2019,0.038,37151
2019,0.053,37153
2019,0.054000000000000006,37155
2019,0.044000000000000004,37157
2019,0.04,37159
2019,0.049,37161
2019,0.039,37163
2019,0.066,37165
2019,0.037000000000000005,37167
2019,0.036000000000000004,37169
2019,0.037000000000000005,37171
2019,0.04,37173
2019,0.037000000000000005,37175
2019,0.059000000000000004,37177
2019,0.035,37179
2019,0.057999999999999996,37181
2019,0.033,37183
2019,0.057,37185
2019,0.059000000000000004,37187
2019,0.035,37189
2019,0.040999999999999995,37191
2019,0.040999999999999995,37193
2019,0.057999999999999996,37195
2019,0.034,37197
2019,0.038,37199
2019,0.022000000000000002,38001
2019,0.03,38003
2019,0.042,38005
2019,0.026000000000000002,38007
2019,0.033,38009
2019,0.016,38011
2019,0.023,38013
2019,0.024,38015
2019,0.02,38017
2019,0.027999999999999997,38019
2019,0.019,38021
2019,0.013999999999999999,38023
2019,0.016,38025
2019,0.045,38027
2019,0.040999999999999995,38029
2019,0.027000000000000003,38031
2019,0.018000000000000002,38033
2019,0.021,38035
2019,0.023,38037
2019,0.025,38039
2019,0.02,38041
2019,0.04,38043
2019,0.021,38045
2019,0.023,38047
2019,0.035,38049
2019,0.03,38051
2019,0.016,38053
2019,0.032,38055
2019,0.042,38057
2019,0.03,38059
2019,0.013999999999999999,38061
2019,0.031,38063
2019,0.037000000000000005,38065
2019,0.035,38067
2019,0.032,38069
2019,0.028999999999999998,38071
2019,0.017,38073
2019,0.025,38075
2019,0.023,38077
2019,0.08199999999999999,38079
2019,0.018000000000000002,38081
2019,0.043,38083
2019,0.039,38085
2019,0.023,38087
2019,0.02,38089
2019,0.021,38091
2019,0.023,38093
2019,0.027999999999999997,38095
2019,0.026000000000000002,38097
2019,0.033,38099
2019,0.025,38101
2019,0.031,38103
2019,0.018000000000000002,38105
2019,0.068,39001
2019,0.04,39003
2019,0.042,39005
2019,0.048,39007
2019,0.053,39009
2019,0.03,39011
2019,0.055999999999999994,39013
2019,0.05,39015
2019,0.038,39017
2019,0.05,39019
2019,0.037000000000000005,39021
2019,0.043,39023
2019,0.037000000000000005,39025
2019,0.047,39027
2019,0.048,39029
2019,0.057999999999999996,39031
2019,0.047,39033
2019,0.042,39035
2019,0.037000000000000005,39037
2019,0.042,39039
2019,0.031,39041
2019,0.049,39043
2019,0.037000000000000005,39045
2019,0.039,39047
2019,0.035,39049
2019,0.040999999999999995,39051
2019,0.054000000000000006,39053
2019,0.035,39055
2019,0.037000000000000005,39057
2019,0.055,39059
2019,0.038,39061
2019,0.032,39063
2019,0.042,39065
2019,0.053,39067
2019,0.046,39069
2019,0.052000000000000005,39071
2019,0.046,39073
2019,0.03,39075
2019,0.057,39077
2019,0.062,39079
2019,0.059000000000000004,39081
2019,0.039,39083
2019,0.037000000000000005,39085
2019,0.052000000000000005,39087
2019,0.037000000000000005,39089
2019,0.036000000000000004,39091
2019,0.043,39093
2019,0.047,39095
2019,0.034,39097
2019,0.057,39099
2019,0.040999999999999995,39101
2019,0.034,39103
2019,0.069,39105
2019,0.026000000000000002,39107
2019,0.037000000000000005,39109
2019,0.083,39111
2019,0.042,39113
2019,0.065,39115
2019,0.040999999999999995,39117
2019,0.049,39119
2019,0.069,39121
2019,0.055999999999999994,39123
2019,0.038,39125
2019,0.052000000000000005,39127
2019,0.04,39129
2019,0.062,39131
2019,0.042,39133
2019,0.038,39135
2019,0.031,39137
2019,0.045,39139
2019,0.042,39141
2019,0.043,39143
2019,0.063,39145
2019,0.040999999999999995,39147
2019,0.035,39149
2019,0.045,39151
2019,0.043,39153
2019,0.061,39155
2019,0.043,39157
2019,0.032,39159
2019,0.033,39161
2019,0.055999999999999994,39163
2019,0.035,39165
2019,0.054000000000000006,39167
2019,0.032,39169
2019,0.033,39171
2019,0.037000000000000005,39173
2019,0.031,39175
2019,0.042,40001
2019,0.021,40003
2019,0.043,40005
2019,0.02,40007
2019,0.032,40009
2019,0.02,40011
2019,0.03,40013
2019,0.036000000000000004,40015
2019,0.028999999999999998,40017
2019,0.034,40019
2019,0.04,40021
2019,0.048,40023
2019,0.017,40025
2019,0.027999999999999997,40027
2019,0.039,40029
2019,0.037000000000000005,40031
2019,0.032,40033
2019,0.036000000000000004,40035
2019,0.037000000000000005,40037
2019,0.025,40039
2019,0.038,40041
2019,0.021,40043
2019,0.025,40045
2019,0.03,40047
2019,0.032,40049
2019,0.031,40051
2019,0.021,40053
2019,0.042,40055
2019,0.028999999999999998,40057
2019,0.028999999999999998,40059
2019,0.053,40061
2019,0.049,40063
2019,0.028999999999999998,40065
2019,0.032,40067
2019,0.043,40069
2019,0.043,40071
2019,0.02,40073
2019,0.038,40075
2019,0.063,40077
2019,0.047,40079
2019,0.035,40081
2019,0.028999999999999998,40083
2019,0.023,40085
2019,0.027000000000000003,40087
2019,0.057,40089
2019,0.057999999999999996,40091
2019,0.021,40093
2019,0.035,40095
2019,0.031,40097
2019,0.03,40099
2019,0.039,40101
2019,0.025,40103
2019,0.035,40105
2019,0.046,40107
2019,0.031,40109
2019,0.049,40111
2019,0.038,40113
2019,0.034,40115
2019,0.039,40117
2019,0.028999999999999998,40119
2019,0.042,40121
2019,0.031,40123
2019,0.036000000000000004,40125
2019,0.05,40127
2019,0.03,40129
2019,0.031,40131
2019,0.048,40133
2019,0.040999999999999995,40135
2019,0.043,40137
2019,0.02,40139
2019,0.037000000000000005,40141
2019,0.032,40143
2019,0.031,40145
2019,0.034,40147
2019,0.034,40149
2019,0.021,40151
2019,0.028999999999999998,40153
2019,0.046,41001
2019,0.028999999999999998,41003
2019,0.034,41005
2019,0.037000000000000005,41007
2019,0.045,41009
2019,0.049,41011
2019,0.053,41013
2019,0.052000000000000005,41015
2019,0.039,41017
2019,0.049,41019
2019,0.037000000000000005,41021
2019,0.069,41023
2019,0.053,41025
2019,0.032,41027
2019,0.044000000000000004,41029
2019,0.051,41031
2019,0.05,41033
2019,0.062,41035
2019,0.054000000000000006,41037
2019,0.040999999999999995,41039
2019,0.043,41041
2019,0.043,41043
2019,0.040999999999999995,41045
2019,0.039,41047
2019,0.040999999999999995,41049
2019,0.033,41051
2019,0.040999999999999995,41053
2019,0.034,41055
2019,0.039,41057
2019,0.048,41059
2019,0.048,41061
2019,0.057999999999999996,41063
2019,0.040999999999999995,41065
2019,0.031,41067
2019,0.043,41069
2019,0.034,41071
2019,0.033,42001
2019,0.040999999999999995,42003
2019,0.051,42005
2019,0.045,42007
2019,0.047,42009
2019,0.043,42011
2019,0.045,42013
2019,0.044000000000000004,42015
2019,0.038,42017
2019,0.039,42019
2019,0.053,42021
2019,0.06,42023
2019,0.054000000000000006,42025
2019,0.033,42027
2019,0.032,42029
2019,0.049,42031
2019,0.052000000000000005,42033
2019,0.054000000000000006,42035
2019,0.048,42037
2019,0.047,42039
2019,0.034,42041
2019,0.04,42043
2019,0.04,42045
2019,0.049,42047
2019,0.046,42049
2019,0.059000000000000004,42051
2019,0.068,42053
2019,0.038,42055
2019,0.044000000000000004,42057
2019,0.051,42059
2019,0.059000000000000004,42061
2019,0.05,42063
2019,0.047,42065
2019,0.044000000000000004,42067
2019,0.049,42069
2019,0.034,42071
2019,0.051,42073
2019,0.039,42075
2019,0.045,42077
2019,0.057,42079
2019,0.048,42081
2019,0.053,42083
2019,0.049,42085
2019,0.047,42087
2019,0.054000000000000006,42089
2019,0.035,42091
2019,0.036000000000000004,42093
2019,0.045,42095
2019,0.055999999999999994,42097
2019,0.037000000000000005,42099
2019,0.055,42101
2019,0.055999999999999994,42103
2019,0.059000000000000004,42105
2019,0.054000000000000006,42107
2019,0.054000000000000006,42109
2019,0.053,42111
2019,0.052000000000000005,42113
2019,0.043,42115
2019,0.053,42117
2019,0.04,42119
2019,0.049,42121
2019,0.045,42123
2019,0.045,42125
2019,0.047,42127
2019,0.045,42129
2019,0.049,42131
2019,0.038,42133
2019,0.03,44001
2019,0.032,44003
2019,0.031,44005
2019,0.039,44007
2019,0.031,44009
2019,0.034,45001
2019,0.028999999999999998,45003
2019,0.053,45005
2019,0.027000000000000003,45007
2019,0.055999999999999994,45009
2019,0.043,45011
2019,0.026000000000000002,45013
2019,0.025,45015
2019,0.036000000000000004,45017
2019,0.023,45019
2019,0.031,45021
2019,0.040999999999999995,45023
2019,0.028999999999999998,45025
2019,0.039,45027
2019,0.032,45029
2019,0.034,45031
2019,0.040999999999999995,45033
2019,0.025,45035
2019,0.027999999999999997,45037
2019,0.044000000000000004,45039
2019,0.028999999999999998,45041
2019,0.038,45043
2019,0.024,45045
2019,0.031,45047
2019,0.027000000000000003,45049
2019,0.036000000000000004,45051
2019,0.025,45053
2019,0.03,45055
2019,0.033,45057
2019,0.03,45059
2019,0.04,45061
2019,0.023,45063
2019,0.031,45065
2019,0.043,45067
2019,0.048,45069
2019,0.027000000000000003,45071
2019,0.027999999999999997,45073
2019,0.048,45075
2019,0.027999999999999997,45077
2019,0.027999999999999997,45079
2019,0.027000000000000003,45081
2019,0.026000000000000002,45083
2019,0.034,45085
2019,0.035,45087
2019,0.046,45089
2019,0.027999999999999997,45091
2019,0.027999999999999997,46003
2019,0.032,46005
2019,0.054000000000000006,46007
2019,0.032,46009
2019,0.033,46011
2019,0.031,46013
2019,0.031,46015
2019,0.066,46017
2019,0.034,46019
2019,0.036000000000000004,46021
2019,0.037000000000000005,46023
2019,0.04,46025
2019,0.033,46027
2019,0.032,46029
2019,0.057999999999999996,46031
2019,0.044000000000000004,46033
2019,0.028999999999999998,46035
2019,0.046,46037
2019,0.048,46039
2019,0.083,46041
2019,0.027999999999999997,46043
2019,0.03,46045
2019,0.043,46047
2019,0.033,46049
2019,0.034,46051
2019,0.035,46053
2019,0.028999999999999998,46055
2019,0.033,46057
2019,0.027999999999999997,46059
2019,0.047,46061
2019,0.027999999999999997,46063
2019,0.027000000000000003,46065
2019,0.031,46067
2019,0.035,46069
2019,0.057,46071
2019,0.027999999999999997,46073
2019,0.031,46075
2019,0.03,46077
2019,0.036000000000000004,46079
2019,0.032,46081
2019,0.026000000000000002,46083
2019,0.048,46085
2019,0.028999999999999998,46087
2019,0.043,46089
2019,0.038,46091
2019,0.036000000000000004,46093
2019,0.057,46095
2019,0.031,46097
2019,0.028999999999999998,46099
2019,0.036000000000000004,46101
2019,0.09699999999999999,46102
2019,0.034,46103
2019,0.031,46105
2019,0.032,46107
2019,0.043,46109
2019,0.031,46111
2019,0.034,46115
2019,0.03,46117
2019,0.028999999999999998,46119
2019,0.065,46121
2019,0.028999999999999998,46123
2019,0.03,46125
2019,0.034,46127
2019,0.055,46129
2019,0.028999999999999998,46135
2019,0.055999999999999994,46137
2019,0.036000000000000004,47001
2019,0.037000000000000005,47003
2019,0.045,47005
2019,0.054000000000000006,47007
2019,0.032,47009
2019,0.035,47011
2019,0.046,47013
2019,0.031,47015
2019,0.048,47017
2019,0.040999999999999995,47019
2019,0.026000000000000002,47021
2019,0.034,47023
2019,0.042,47025
2019,0.06,47027
2019,0.045,47029
2019,0.033,47031
2019,0.035,47033
2019,0.045,47035
2019,0.025,47037
2019,0.053,47039
2019,0.043,47041
2019,0.03,47043
2019,0.049,47045
2019,0.036000000000000004,47047
2019,0.042,47049
2019,0.033,47051
2019,0.042,47053
2019,0.039,47055
2019,0.04,47057
2019,0.047,47059
2019,0.040999999999999995,47061
2019,0.039,47063
2019,0.032,47065
2019,0.059000000000000004,47067
2019,0.05,47069
2019,0.043,47071
2019,0.040999999999999995,47073
2019,0.049,47075
2019,0.043,47077
2019,0.040999999999999995,47079
2019,0.031,47081
2019,0.046,47083
2019,0.038,47085
2019,0.046,47087
2019,0.037000000000000005,47089
2019,0.035,47091
2019,0.028999999999999998,47093
2019,0.057,47095
2019,0.054000000000000006,47097
2019,0.040999999999999995,47099
2019,0.04,47101
2019,0.036000000000000004,47103
2019,0.034,47105
2019,0.038,47107
2019,0.052000000000000005,47109
2019,0.031,47111
2019,0.036000000000000004,47113
2019,0.043,47115
2019,0.035,47117
2019,0.032,47119
2019,0.046,47121
2019,0.037000000000000005,47123
2019,0.038,47125
2019,0.028999999999999998,47127
2019,0.040999999999999995,47129
2019,0.049,47131
2019,0.038,47133
2019,0.05,47135
2019,0.047,47137
2019,0.04,47139
2019,0.035,47141
2019,0.057,47143
2019,0.04,47145
2019,0.028999999999999998,47147
2019,0.026000000000000002,47149
2019,0.044000000000000004,47151
2019,0.042,47153
2019,0.033,47155
2019,0.04,47157
2019,0.03,47159
2019,0.045,47161
2019,0.037000000000000005,47163
2019,0.027000000000000003,47165
2019,0.039,47167
2019,0.031,47169
2019,0.05,47171
2019,0.04,47173
2019,0.045,47175
2019,0.040999999999999995,47177
2019,0.035,47179
2019,0.047,47181
2019,0.04,47183
2019,0.037000000000000005,47185
2019,0.024,47187
2019,0.027000000000000003,47189
2019,0.028999999999999998,48001
2019,0.022000000000000002,48003
2019,0.04,48005
2019,0.043,48007
2019,0.027999999999999997,48009
2019,0.027000000000000003,48011
2019,0.036000000000000004,48013
2019,0.034,48015
2019,0.037000000000000005,48017
2019,0.033,48019
2019,0.03,48021
2019,0.023,48023
2019,0.044000000000000004,48025
2019,0.038,48027
2019,0.031,48029
2019,0.024,48031
2019,0.025,48033
2019,0.034,48035
2019,0.044000000000000004,48037
2019,0.042,48039
2019,0.027000000000000003,48041
2019,0.028999999999999998,48043
2019,0.035,48045
2019,0.051,48047
2019,0.037000000000000005,48049
2019,0.031,48051
2019,0.027000000000000003,48053
2019,0.033,48055
2019,0.032,48057
2019,0.031,48059
2019,0.055,48061
2019,0.042,48063
2019,0.026000000000000002,48065
2019,0.043,48067
2019,0.027999999999999997,48069
2019,0.045,48071
2019,0.038,48073
2019,0.027000000000000003,48075
2019,0.031,48077
2019,0.034,48079
2019,0.032,48081
2019,0.040999999999999995,48083
2019,0.031,48085
2019,0.032,48087
2019,0.031,48089
2019,0.03,48091
2019,0.032,48093
2019,0.032,48095
2019,0.027999999999999997,48097
2019,0.039,48099
2019,0.042,48101
2019,0.04,48103
2019,0.028999999999999998,48105
2019,0.039,48107
2019,0.04,48109
2019,0.019,48111
2019,0.035,48113
2019,0.039,48115
2019,0.027999999999999997,48117
2019,0.034,48119
2019,0.03,48121
2019,0.026000000000000002,48123
2019,0.044000000000000004,48125
2019,0.025,48127
2019,0.035,48129
2019,0.045,48131
2019,0.033,48133
2019,0.026000000000000002,48135
2019,0.023,48137
2019,0.031,48139
2019,0.038,48141
2019,0.032,48143
2019,0.033,48145
2019,0.027000000000000003,48147
2019,0.026000000000000002,48149
2019,0.028999999999999998,48151
2019,0.043,48153
2019,0.031,48155
2019,0.035,48157
2019,0.036000000000000004,48159
2019,0.048,48161
2019,0.026000000000000002,48163
2019,0.024,48165
2019,0.04,48167
2019,0.027000000000000003,48169
2019,0.024,48171
2019,0.021,48173
2019,0.034,48175
2019,0.027000000000000003,48177
2019,0.036000000000000004,48179
2019,0.031,48181
2019,0.037000000000000005,48183
2019,0.039,48185
2019,0.028999999999999998,48187
2019,0.045,48189
2019,0.040999999999999995,48191
2019,0.03,48193
2019,0.023,48195
2019,0.03,48197
2019,0.046,48199
2019,0.038,48201
2019,0.04,48203
2019,0.016,48205
2019,0.033,48207
2019,0.027999999999999997,48209
2019,0.027000000000000003,48211
2019,0.035,48213
2019,0.062,48215
2019,0.033,48217
2019,0.03,48219
2019,0.034,48221
2019,0.031,48223
2019,0.031,48225
2019,0.031,48227
2019,0.044000000000000004,48229
2019,0.035,48231
2019,0.044000000000000004,48233
2019,0.024,48235
2019,0.031,48237
2019,0.03,48239
2019,0.061,48241
2019,0.028999999999999998,48243
2019,0.057999999999999996,48245
2019,0.048,48247
2019,0.047,48249
2019,0.032,48251
2019,0.043,48253
2019,0.025,48255
2019,0.033,48257
2019,0.027000000000000003,48259
2019,0.036000000000000004,48261
2019,0.023,48263
2019,0.03,48265
2019,0.031,48267
2019,0.021,48269
2019,0.036000000000000004,48271
2019,0.044000000000000004,48273
2019,0.033,48275
2019,0.034,48277
2019,0.038,48279
2019,0.033,48281
2019,0.024,48283
2019,0.03,48285
2019,0.026000000000000002,48287
2019,0.044000000000000004,48289
2019,0.05,48291
2019,0.039,48293
2019,0.026000000000000002,48295
2019,0.031,48297
2019,0.034,48299
2019,0.006999999999999999,48301
2019,0.027999999999999997,48303
2019,0.03,48305
2019,0.052000000000000005,48307
2019,0.033,48309
2019,0.016,48311
2019,0.043,48313
2019,0.043,48315
2019,0.026000000000000002,48317
2019,0.032,48319
2019,0.057,48321
2019,0.075,48323
2019,0.031,48325
2019,0.035,48327
2019,0.021,48329
2019,0.05,48331
2019,0.033,48333
2019,0.035,48335
2019,0.027999999999999997,48337
2019,0.034,48339
2019,0.023,48341
2019,0.053,48343
2019,0.035,48345
2019,0.037000000000000005,48347
2019,0.032,48349
2019,0.063,48351
2019,0.028999999999999998,48353
2019,0.040999999999999995,48355
2019,0.027000000000000003,48357
2019,0.027999999999999997,48359
2019,0.052000000000000005,48361
2019,0.031,48363
2019,0.04,48365
2019,0.028999999999999998,48367
2019,0.022000000000000002,48369
2019,0.033,48371
2019,0.047,48373
2019,0.027000000000000003,48375
2019,0.065,48377
2019,0.03,48379
2019,0.024,48381
2019,0.025,48383
2019,0.04,48385
2019,0.046,48387
2019,0.017,48389
2019,0.037000000000000005,48391
2019,0.031,48393
2019,0.036000000000000004,48395
2019,0.031,48397
2019,0.027999999999999997,48399
2019,0.036000000000000004,48401
2019,0.066,48403
2019,0.048,48405
2019,0.046,48407
2019,0.054000000000000006,48409
2019,0.028999999999999998,48411
2019,0.028999999999999998,48413
2019,0.032,48415
2019,0.022000000000000002,48417
2019,0.039,48419
2019,0.023,48421
2019,0.033,48423
2019,0.036000000000000004,48425
2019,0.098,48427
2019,0.031,48429
2019,0.031,48431
2019,0.028999999999999998,48433
2019,0.037000000000000005,48435
2019,0.037000000000000005,48437
2019,0.033,48439
2019,0.028999999999999998,48441
2019,0.034,48443
2019,0.037000000000000005,48445
2019,0.038,48447
2019,0.042,48449
2019,0.03,48451
2019,0.026000000000000002,48453
2019,0.048,48455
2019,0.057999999999999996,48457
2019,0.037000000000000005,48459
2019,0.028999999999999998,48461
2019,0.038,48463
2019,0.034,48465
2019,0.033,48467
2019,0.034,48469
2019,0.039,48471
2019,0.037000000000000005,48473
2019,0.023,48475
2019,0.033,48477
2019,0.037000000000000005,48479
2019,0.034,48481
2019,0.03,48483
2019,0.032,48485
2019,0.036000000000000004,48487
2019,0.08199999999999999,48489
2019,0.027999999999999997,48491
2019,0.027999999999999997,48493
2019,0.027999999999999997,48495
2019,0.032,48497
2019,0.039,48499
2019,0.028999999999999998,48501
2019,0.03,48503
2019,0.051,48505
2019,0.085,48507
2019,0.03,49001
2019,0.026000000000000002,49003
2019,0.022000000000000002,49005
2019,0.037000000000000005,49007
2019,0.038,49009
2019,0.024,49011
2019,0.039,49013
2019,0.04,49015
2019,0.062,49017
2019,0.039,49019
2019,0.028999999999999998,49021
2019,0.025,49023
2019,0.028999999999999998,49025
2019,0.027999999999999997,49027
2019,0.024,49029
2019,0.048,49031
2019,0.031,49033
2019,0.025,49035
2019,0.051,49037
2019,0.032,49039
2019,0.031,49041
2019,0.024,49043
2019,0.028999999999999998,49045
2019,0.042,49047
2019,0.024,49049
2019,0.027000000000000003,49051
2019,0.03,49053
2019,0.055,49055
2019,0.03,49057
2019,0.023,50001
2019,0.028999999999999998,50003
2019,0.03,50005
2019,0.018000000000000002,50007
2019,0.032,50009
2019,0.023,50011
2019,0.028999999999999998,50013
2019,0.031,50015
2019,0.024,50017
2019,0.042,50019
2019,0.027999999999999997,50021
2019,0.023,50023
2019,0.026000000000000002,50025
2019,0.021,50027
2019,0.035,51001
2019,0.025,51003
2019,0.034,51005
2019,0.032,51007
2019,0.032,51009
2019,0.035,51011
2019,0.019,51013
2019,0.024,51015
2019,0.025,51017
2019,0.028999999999999998,51019
2019,0.027999999999999997,51021
2019,0.025,51023
2019,0.047,51025
2019,0.055999999999999994,51027
2019,0.042,51029
2019,0.031,51031
2019,0.032,51033
2019,0.036000000000000004,51035
2019,0.034,51036
2019,0.035,51037
2019,0.027000000000000003,51041
2019,0.025,51043
2019,0.032,51045
2019,0.026000000000000002,51047
2019,0.03,51049
2019,0.049,51051
2019,0.033,51053
2019,0.035,51057
2019,0.023,51059
2019,0.024,51061
2019,0.026000000000000002,51063
2019,0.023,51065
2019,0.028999999999999998,51067
2019,0.024,51069
2019,0.033,51071
2019,0.026000000000000002,51073
2019,0.027999999999999997,51075
2019,0.028999999999999998,51077
2019,0.023,51079
2019,0.034,51081
2019,0.039,51083
2019,0.024,51085
2019,0.027999999999999997,51087
2019,0.033,51089
2019,0.027000000000000003,51091
2019,0.027999999999999997,51093
2019,0.027000000000000003,51095
2019,0.027999999999999997,51097
2019,0.026000000000000002,51099
2019,0.027000000000000003,51101
2019,0.043,51103
2019,0.040999999999999995,51105
2019,0.023,51107
2019,0.027000000000000003,51109
2019,0.032,51111
2019,0.022000000000000002,51113
2019,0.028999999999999998,51115
2019,0.04,51117
2019,0.026000000000000002,51119
2019,0.027999999999999997,51121
2019,0.027999999999999997,51125
2019,0.024,51127
2019,0.044000000000000004,51131
2019,0.043,51133
2019,0.027999999999999997,51135
2019,0.03,51137
2019,0.038,51139
2019,0.035,51141
2019,0.034,51143
2019,0.025,51145
2019,0.038,51147
2019,0.034,51149
2019,0.025,51153
2019,0.034,51155
2019,0.025,51157
2019,0.03,51159
2019,0.025,51161
2019,0.027000000000000003,51163
2019,0.024,51165
2019,0.042,51167
2019,0.031,51169
2019,0.025,51171
2019,0.037000000000000005,51173
2019,0.027000000000000003,51175
2019,0.028999999999999998,51177
2019,0.027999999999999997,51179
2019,0.034,51181
2019,0.045,51183
2019,0.044000000000000004,51185
2019,0.027999999999999997,51187
2019,0.033,51191
2019,0.035,51193
2019,0.046,51195
2019,0.036000000000000004,51197
2019,0.027000000000000003,51199
2019,0.021,51510
2019,0.038,51520
2019,0.027000000000000003,51530
2019,0.024,51540
2019,0.028999999999999998,51550
2019,0.032,51570
2019,0.042,51580
2019,0.05,51590
2019,0.05,51595
2019,0.021,51600
2019,0.02,51610
2019,0.04,51620
2019,0.034,51630
2019,0.033,51640
2019,0.038,51650
2019,0.032,51660
2019,0.043,51670
2019,0.047,51678
2019,0.037000000000000005,51680
2019,0.025,51683
2019,0.025,51685
2019,0.040999999999999995,51690
2019,0.035,51700
2019,0.035,51710
2019,0.037000000000000005,51720
2019,0.055999999999999994,51730
2019,0.024,51735
2019,0.039,51740
2019,0.036000000000000004,51750
2019,0.033,51760
2019,0.03,51770
2019,0.027999999999999997,51775
2019,0.027000000000000003,51790
2019,0.03,51800
2019,0.027000000000000003,51810
2019,0.028999999999999998,51820
2019,0.039,51830
2019,0.027999999999999997,51840
2019,0.057,53001
2019,0.040999999999999995,53003
2019,0.052000000000000005,53005
2019,0.049,53007
2019,0.066,53009
2019,0.047,53011
2019,0.055,53013
2019,0.06,53015
2019,0.055999999999999994,53017
2019,0.113,53019
2019,0.064,53021
2019,0.054000000000000006,53023
2019,0.069,53025
2019,0.071,53027
2019,0.05,53029
2019,0.055999999999999994,53031
2019,0.027999999999999997,53033
2019,0.046,53035
2019,0.055,53037
2019,0.057999999999999996,53039
2019,0.062,53041
2019,0.05,53043
2019,0.063,53045
2019,0.068,53047
2019,0.069,53049
2019,0.079,53051
2019,0.051,53053
2019,0.037000000000000005,53055
2019,0.054000000000000006,53057
2019,0.055,53059
2019,0.03,53061
2019,0.052000000000000005,53063
2019,0.07,53065
2019,0.048,53067
2019,0.067,53069
2019,0.049,53071
2019,0.05,53073
2019,0.043,53075
2019,0.07,53077
2019,0.06,54001
2019,0.035,54003
2019,0.055,54005
2019,0.07400000000000001,54007
2019,0.052000000000000005,54009
2019,0.042,54011
2019,0.13,54013
2019,0.085,54015
2019,0.044000000000000004,54017
2019,0.057,54019
2019,0.068,54021
2019,0.055,54023
2019,0.046,54025
2019,0.038,54027
2019,0.052000000000000005,54029
2019,0.051,54031
2019,0.044000000000000004,54033
2019,0.05,54035
2019,0.031,54037
2019,0.046,54039
2019,0.062,54041
2019,0.063,54043
2019,0.06,54045
2019,0.092,54047
2019,0.051,54049
2019,0.063,54051
2019,0.06,54053
2019,0.057,54055
2019,0.057,54057
2019,0.068,54059
2019,0.036000000000000004,54061
2019,0.044000000000000004,54063
2019,0.039,54065
2019,0.063,54067
2019,0.045,54069
2019,0.038,54071
2019,0.068,54073
2019,0.057,54075
2019,0.046,54077
2019,0.043,54079
2019,0.047,54081
2019,0.06,54083
2019,0.057,54085
2019,0.095,54087
2019,0.055,54089
2019,0.048,54091
2019,0.052000000000000005,54093
2019,0.078,54095
2019,0.06,54097
2019,0.054000000000000006,54099
2019,0.063,54101
2019,0.07200000000000001,54103
2019,0.079,54105
2019,0.051,54107
2019,0.069,54109
2019,0.052000000000000005,55001
2019,0.048,55003
2019,0.04,55005
2019,0.055999999999999994,55007
2019,0.031,55009
2019,0.042,55011
2019,0.053,55013
2019,0.027999999999999997,55015
2019,0.038,55017
2019,0.033,55019
2019,0.031,55021
2019,0.043,55023
2019,0.024,55025
2019,0.03,55027
2019,0.038,55029
2019,0.042,55031
2019,0.035,55033
2019,0.031,55035
2019,0.048,55037
2019,0.028999999999999998,55039
2019,0.052000000000000005,55041
2019,0.032,55043
2019,0.028999999999999998,55045
2019,0.039,55047
2019,0.028999999999999998,55049
2019,0.061,55051
2019,0.039,55053
2019,0.031,55055
2019,0.033,55057
2019,0.04,55059
2019,0.032,55061
2019,0.028999999999999998,55063
2019,0.027000000000000003,55065
2019,0.042,55067
2019,0.037000000000000005,55069
2019,0.034,55071
2019,0.028999999999999998,55073
2019,0.046,55075
2019,0.04,55077
2019,0.08,55078
2019,0.04,55079
2019,0.03,55081
2019,0.036000000000000004,55083
2019,0.043,55085
2019,0.03,55087
2019,0.028999999999999998,55089
2019,0.038,55091
2019,0.034,55093
2019,0.040999999999999995,55095
2019,0.033,55097
2019,0.044000000000000004,55099
2019,0.040999999999999995,55101
2019,0.032,55103
2019,0.037000000000000005,55105
2019,0.049,55107
2019,0.034,55109
2019,0.028999999999999998,55111
2019,0.048,55113
2019,0.032,55115
2019,0.027000000000000003,55117
2019,0.037000000000000005,55119
2019,0.036000000000000004,55121
2019,0.033,55123
2019,0.043,55125
2019,0.033,55127
2019,0.040999999999999995,55129
2019,0.028999999999999998,55131
2019,0.028999999999999998,55133
2019,0.033,55135
2019,0.040999999999999995,55137
2019,0.03,55139
2019,0.038,55141
2019,0.031,56001
2019,0.042,56003
2019,0.037000000000000005,56005
2019,0.033,56007
2019,0.027000000000000003,56009
2019,0.032,56011
2019,0.044000000000000004,56013
2019,0.036000000000000004,56015
2019,0.035,56017
2019,0.036000000000000004,56019
2019,0.035,56021
2019,0.033,56023
2019,0.039,56025
2019,0.027000000000000003,56027
2019,0.04,56029
2019,0.034,56031
2019,0.035,56033
2019,0.044000000000000004,56035
2019,0.039,56037
2019,0.027000000000000003,56039
2019,0.039,56041
2019,0.039,56043
2019,0.028999999999999998,56045
2019,0.153,72001
2019,0.10099999999999999,72003
2019,0.102,72005
2019,0.091,72007
2019,0.105,72009
2019,0.085,72011
2019,0.095,72013
2019,0.135,72015
2019,0.113,72017
2019,0.087,72019
2019,0.063,72021
2019,0.087,72023
2019,0.068,72025
2019,0.086,72027
2019,0.066,72029
2019,0.059000000000000004,72031
2019,0.07200000000000001,72033
2019,0.07,72035
2019,0.10400000000000001,72037
2019,0.11,72039
2019,0.068,72041
2019,0.122,72043
2019,0.08900000000000001,72045
2019,0.091,72047
2019,0.03,72049
2019,0.057,72051
2019,0.107,72053
2019,0.109,72054
2019,0.14800000000000002,72055
2019,0.121,72057
2019,0.138,72059
2019,0.040999999999999995,72061
2019,0.057,72063
2019,0.122,72065
2019,0.086,72067
2019,0.10099999999999999,72069
2019,0.091,72071
2019,0.141,72073
2019,0.1,72075
2019,0.083,72077
2019,0.128,72079
2019,0.147,72081
2019,0.11599999999999999,72083
2019,0.08900000000000001,72085
2019,0.076,72087
2019,0.095,72089
2019,0.08,72091
2019,0.13699999999999998,72093
2019,0.151,72095
2019,0.105,72097
2019,0.10400000000000001,72099
2019,0.091,72101
2019,0.08900000000000001,72103
2019,0.085,72105
2019,0.10300000000000001,72107
2019,0.157,72109
2019,0.141,72111
2019,0.09699999999999999,72113
2019,0.11599999999999999,72115
2019,0.138,72117
2019,0.073,72119
2019,0.13,72121
2019,0.145,72123
2019,0.11199999999999999,72125
2019,0.055,72127
2019,0.08800000000000001,72129
2019,0.136,72131
2019,0.109,72133
2019,0.057,72135
2019,0.057999999999999996,72137
2019,0.048,72139
2019,0.113,72141
2019,0.081,72143
2019,0.096,72145
2019,0.069,72147
2019,0.159,72149
2019,0.131,72151
2019,0.146,72153
,,
,,
,,
